Official Teamline Shirt,Normal,Men,89.95,"https://assets.redbullshop.com/images/f_auto,q_auto/t_product-list/products/RBR/2022/RBR22104_13_M01/Official-Teamline-Shirt.jpg",https://www.redbullshop.com/en-id/p/Men/Official-Teamline-Shirt/RBR22104/?preselectedVariant=M-152817
Official Teamline Rain Jacket,Normal,Men,159.95,"https://assets.redbullshop.com/images/f_auto,q_auto/t_product-list/products/RBR/2022/RBR22100_13_M01/Official-Teamline-Rain-Jacket.jpg",https://www.redbullshop.com/en-id/p/Men/Official-Teamline-Rain-Jacket/RBR22100/?preselectedVariant=M-152787
Official Teamline Vest,Normal,Men,99.95,"https://assets.redbullshop.com/images/f_auto,q_auto/t_product-list/products/RBR/2022/RBR22103_13_M01/Official-Teamline-Vest.jpg",https://www.redbullshop.com/en-id/p/Men/Official-Teamline-Vest/RBR22103/?preselectedVariant=M-152811
Official Teamline Softshell Jacket,Normal,Men,139.95,"https://assets.redbullshop.com/images/f_auto,q_auto/t_product-list/products/RBR/2022/RBR22101_13_M01/Official-Teamline-Softshell-Jacket.jpg",https://www.redbullshop.com/en-id/p/Men/Official-Teamline-Softshell-Jacket/RBR22101/?preselectedVariant=M-152793
Official Teamline Hoodie,Normal,Men,99.95,"https://assets.redbullshop.com/images/f_auto,q_auto/t_product-list/products/RBR/2022/RBR22102_13_M01/Official-Teamline-Hoodie.jpg",https://www.redbullshop.com/en-id/p/Herren/Official-Teamline-Hoodie/RBR22102/?preselectedVariant=M-152799
Official Teamline Softshell Jacket,Normal,Youth,99.95,"https://assets.redbullshop.com/images/f_auto,q_auto/t_product-list/products/RBR/2022/RBR22110_1G_1/Official-Teamline-Softshell-Jacket.jpg",https://www.redbullshop.com/en-id/p/Youth/Official-Teamline-Softshell-Jacket/RBR22110/?preselectedVariant=M-152853
Official Teamline Hoodie,Normal,Youth,84.95,"https://assets.redbullshop.com/images/f_auto,q_auto/t_product-list/products/RBR/2022/RBR22111_13_1/Official-Teamline-Hoodie.jpg",https://www.redbullshop.com/en-id/p/Youth/Official-Teamline-Hoodie/RBR22111/?preselectedVariant=M-152859
Checo Perez Driver Cap,Normal,Unisex,39.95,"https://assets.redbullshop.com/images/f_auto,q_auto/t_product-list/products/RBR/2022/RBR22115_13_1/Checo-Perez-Driver-Cap.jpg",https://www.redbullshop.com/en-id/p/Checo-Perez-Driver-Cap/RBR22115/?preselectedVariant=M-152882
Official Teamline Snapback Cap,Normal,Unisex,34.95,"https://assets.redbullshop.com/images/f_auto,q_auto/t_product-list/products/RBR/2022/RBR22123_13_1/Official-Teamline-Snapback-Cap.jpg",https://www.redbullshop.com/en-id/p/Official-Teamline-Snapback-Cap/RBR22123/?preselectedVariant=M-152890
Official Teamline Backpack,Normal,Unisex,74.95,"https://assets.redbullshop.com/images/f_auto,q_auto/t_product-list/products/RBR/2022/RBR22114_13_1/Official-Teamline-Backpack.jpg",https://www.redbullshop.com/en-id/p/Official-Teamline-Backpack/RBR22114/?preselectedVariant=M-152881
Official Teamline Snapback Cap,Normal,Youth,29.95,"https://assets.redbullshop.com/images/f_auto,q_auto/t_product-list/products/RBR/2022/RBR22144_13_1/Official-Teamline-Snapback-Cap.jpg",https://www.redbullshop.com/en-id/p/Youth/Official-Teamline-Snapback-Cap/RBR22144/?preselectedVariant=M-152891
Checo Perez Driver Flat Cap,Normal,Unisex,39.95,"https://assets.redbullshop.com/images/f_auto,q_auto/t_product-list/products/RBR/2022/RBR22116_13_1/Checo-Perez-Driver-Flat-Cap.jpg",https://www.redbullshop.com/en-id/p/Checo-Perez-Driver-Flat-Cap/RBR22116/?preselectedVariant=M-152883
Official Teamline Classic Cuff Beanie,Normal,Unisex,34.95,"https://assets.redbullshop.com/images/f_auto,q_auto/t_product-list/products/RBR/2022/RBR22124_13_1/Official-Teamline-Classic-Cuff-Beanie.jpg",https://www.redbullshop.com/en-id/p/Official-Teamline-Classic-Cuff-Beanie/RBR22124/?preselectedVariant=M-152892
Official Teamline Softshell Jacket,Normal,Women,139.95,"https://assets.redbullshop.com/images/f_auto,q_auto/t_product-list/products/RBR/2022/RBR22107_13_M01/Official-Teamline-Softshell-Jacket.jpg",https://www.redbullshop.com/en-id/p/Women/Official-Teamline-Softshell-Jacket/RBR22107/?preselectedVariant=M-152835
Official Teamline Shoulder Bag,Normal,Unisex,39.95,"https://assets.redbullshop.com/images/f_auto,q_auto/t_product-list/products/RBR/2022/RBR22125_13_1/Official-Teamline-Shoulder-Bag.jpg",https://www.redbullshop.com/en-id/p/Official-Teamline-Shoulder-Bag/RBR22125/?preselectedVariant=M-152893
Miami GP T-Shirt,Special edition,Men,39.95,"https://assets.redbullshop.com/images/f_auto,q_auto/t_product-list/products/RBR/2022/RBR22228_3_1/Miami-GP-T-Shirt.jpg",https://www.redbullshop.com/en-id/p/Men/Miami-GP-T-Shirt/RBR22228/?preselectedVariant=M-158224
Camber T-Shirt,New,Men,34.95,"https://assets.redbullshop.com/images/f_auto,q_auto/t_product-list/products/RBR/2022/RBR22030_13_1/Camber-T-Shirt.jpg",https://www.redbullshop.com/en-id/p/Men/Camber-T-Shirt/RBR22030/?preselectedVariant=M-154233
Electron E Shoe,Normal,Unisex,84.95,"https://assets.redbullshop.com/images/f_auto,q_auto/t_product-list/products/RBR/2022/RBR22025_2_1/Electron-E-Shoe.jpg",https://www.redbullshop.com/en-id/p/Electron-E-Shoe/RBR22025/?preselectedVariant=M-151292
Official Teamline Polo Shirt,New,Men,74.95,"https://assets.redbullshop.com/images/f_auto,q_auto/t_product-list/products/RBR/2022/RBR22105_13_M01/Official-Teamline-Polo-Shirt.jpg",https://www.redbullshop.com/en-id/p/Herren/Official-Teamline-Polo-Shirt/RBR22105/?preselectedVariant=M-152823
Official Teamline T-Shirt,New,Men,59.95,"https://assets.redbullshop.com/images/f_auto,q_auto/t_product-list/products/RBR/2022/RBR22106_13_M01/Official-Teamline-T-Shirt.jpg",https://www.redbullshop.com/en-id/p/Men/Official-Teamline-T-Shirt/RBR22106/?preselectedVariant=M-152829
Official Teamline Polo Shirt,New,Youth,59.95,"https://assets.redbullshop.com/images/f_auto,q_auto/t_product-list/products/RBR/2022/RBR22112_13_1/Official-Teamline-Polo-Shirt.jpg",https://www.redbullshop.com/en-id/p/Youth/Official-Teamline-Polo-Shirt/RBR22112/?preselectedVariant=M-152865
Official Teamline T-Shirt,New,Youth,44.95,"https://assets.redbullshop.com/images/f_auto,q_auto/t_product-list/products/RBR/2022/RBR22113_13_1/Official-Teamline-T-Shirt.jpg",https://www.redbullshop.com/en-id/p/Youth/Official-Teamline-T-Shirt/RBR22113/?preselectedVariant=M-152873
Official Teamline T-Shirt,New,Women,59.95,"https://assets.redbullshop.com/images/f_auto,q_auto/t_product-list/products/RBR/2022/RBR22109_13_1/Official-Teamline-T-Shirt.jpg",https://www.redbullshop.com/en-id/p/Women/Official-Teamline-T-Shirt/RBR22109/?preselectedVariant=M-152847
Official Teamline Zip Hoodie,Coming soon,Men,129.95,"https://assets.redbullshop.com/images/f_auto,q_auto/t_product-list/products/RBR/2022/RBR22145_13_M01/Official-Teamline-Zip-Hoodie.jpg",https://www.redbullshop.com/en-id/p/Men/Official-Teamline-Zip-Hoodie/RBR22145/?preselectedVariant=M-153569
Official Teamline Polo Shirt,New,Women,74.95,"https://assets.redbullshop.com/images/f_auto,q_auto/t_product-list/products/RBR/2022/RBR22108_13_M01/Official-Teamline-Polo-Shirt.jpg",https://www.redbullshop.com/en-id/p/Women/Official-Teamline-Polo-Shirt/RBR22108/?preselectedVariant=M-152841
Tag Heuer Formula 1 Red Bull Racing Watch,Special edition,Unisex,"2,050.00","https://assets.redbullshop.com/images/f_auto,q_auto/t_product-list/products/RBR/2022/RBR22234_2A_1/Tag-Heuer-Formula-1-Red-Bull-Racing-Watch.jpg",https://www.redbullshop.com/en-id/p/Tag-Heuer-Formula-1-Red-Bull-Racing-Uhr/RBR22234/?preselectedVariant=M-158245
Tag Heuer Formula 1 x Red Bull Racing Watch,Special edition,Unisex,"1,900.00","https://assets.redbullshop.com/images/f_auto,q_auto/t_product-list/products/RBR/2022/RBR22235_1G_1/Tag-Heuer-Formula-1-x-Red-Bull-Racing-Watch.jpg",https://www.redbullshop.com/en-id/p/Tag-Heuer-Formula-1-x-Red-Bull-Racing-Uhr/RBR22235/?preselectedVariant=M-158246
Chicane Trucker Cap,Normal,Unisex,34.95,"https://assets.redbullshop.com/images/f_auto,q_auto/t_product-list/products/RBR/2022/RBR22131_6B_1/Chicane-Trucker-Cap.jpg",https://www.redbullshop.com/en-id/p/Chicane-Trucker-Cap/RBR22131/?preselectedVariant=M-151313
Traction Sweatpants,Normal,Youth,39.95,"https://assets.redbullshop.com/images/f_auto,q_auto/t_product-list/products/RBR/2022/RBR22019_13_1/Traction-Sweatpants.jpg",https://www.redbullshop.com/en-id/p/Youth/Traction-Sweatpants/RBR22019/?preselectedVariant=M-151231
Track Sweatpants,Normal,Men,79.95,"https://assets.redbullshop.com/images/f_auto,q_auto/t_product-list/products/RBR/2022/RBR22015_1J_1/Track-Sweatpants.jpg",https://www.redbullshop.com/en-id/p/Herren/Track-Jogginghose/RBR22015/?preselectedVariant=M-151204
Dynamic Bull T-Shirt,Normal,Men,39.95,"https://assets.redbullshop.com/images/f_auto,q_auto/t_product-list/products/RBR/2022/RBR22005_13_1/Dynamic-Bull-T-Shirt.jpg",https://www.redbullshop.com/en-id/p/Men/Dynamic-Bull-T-Shirt/RBR22005/?preselectedVariant=M-151090
Dynamic Bull T-Shirt,Normal,Men,39.95,"https://assets.redbullshop.com/images/f_auto,q_auto/t_product-list/products/RBR/2022/RBR22005_2_1/Dynamic-Bull-T-Shirt.jpg",https://www.redbullshop.com/en-id/p/Men/Dynamic-Bull-T-Shirt/RBR22005/?preselectedVariant=M-151096
Max Verstappen World Champion 2021 T-Shirt,Normal,Men,59.95,"https://assets.redbullshop.com/images/f_auto,q_auto/t_product-list/products/RBR/2021/RBR21186_13_1/Max-Verstappen-World-Champion-2021-T-Shirt.jpg",https://www.redbullshop.com/en-id/p/Men/Max-Verstappen-World-Champion-2021-T-Shirt/RBR21186/?preselectedVariant=M-154972
Dynamic Bull Hoodie,Normal,Men,79.95,"https://assets.redbullshop.com/images/f_auto,q_auto/t_product-list/products/RBR/2022/RBR22004_13_1/Dynamic-Bull-Hoodie.jpg",https://www.redbullshop.com/en-id/p/Men/Dynamic-Bull-Hoodie/RBR22004/?preselectedVariant=M-151078
Dynamic Bull Hoodie,Normal,Men,79.95,"https://assets.redbullshop.com/images/f_auto,q_auto/t_product-list/products/RBR/2022/RBR22004_2_1/Dynamic-Bull-Hoodie.jpg",https://www.redbullshop.com/en-id/p/Men/Dynamic-Bull-Hoodie/RBR22004/?preselectedVariant=M-151084
Double Bull T-Shirt,Normal,Men,59.95,"https://assets.redbullshop.com/images/f_auto,q_auto/t_product-list/products/RBR/2022/RBR22006_13_1/Double-Bull-T-Shirt.jpg",https://www.redbullshop.com/en-id/p/Men/Double-Bull-T-Shirt/RBR22006/?preselectedVariant=M-151102
Traction T-Shirt,Normal,Men,34.95,"https://assets.redbullshop.com/images/f_auto,q_auto/t_product-list/products/RBR/2022/RBR22013_13_1/Traction-T-Shirt.jpg",https://www.redbullshop.com/en-id/p/Men/Traction-T-Shirt/RBR22013/?preselectedVariant=M-151180
Traction Hoodie,Normal,Men,59.95,"https://assets.redbullshop.com/images/f_auto,q_auto/t_product-list/products/RBR/2022/RBR22010_2_1/Traction-Hoodie.jpg",https://www.redbullshop.com/en-id/p/Men/Traction-Hoodie/RBR22010/?preselectedVariant=M-151156
Traction T-Shirt,Normal,Men,34.95,"https://assets.redbullshop.com/images/f_auto,q_auto/t_product-list/products/RBR/2022/RBR22013_6_1/Traction-T-Shirt.jpg",https://www.redbullshop.com/en-id/p/Men/Traction-T-Shirt/RBR22013/?preselectedVariant=M-151192
Traction T-Shirt,Normal,Men,34.95,"https://assets.redbullshop.com/images/f_auto,q_auto/t_product-list/products/RBR/2022/RBR22013_3_1/Traction-T-Shirt.jpg",https://www.redbullshop.com/en-id/p/Herren/Traction-T-Shirt/RBR22013/?preselectedVariant=M-151186
Chicane Hoodie,Normal,Men,99.95,"https://assets.redbullshop.com/images/f_auto,q_auto/t_product-list/products/RBR/2022/RBR22001_13_1/Chicane-Hoodie.jpg",https://www.redbullshop.com/en-id/p/Men/Chicane-Hoodie/RBR22001/?preselectedVariant=M-151048
Balance T-Shirt,Normal,Men,39.95,"https://assets.redbullshop.com/images/f_auto,q_auto/t_product-list/products/RBR/2022/RBR22009_13_1/Balance-T-Shirt.jpg",https://www.redbullshop.com/en-id/p/Men/Balance-T-Shirt/RBR22009/?preselectedVariant=M-151132
Balance T-Shirt,Normal,Men,39.95,"https://assets.redbullshop.com/images/f_auto,q_auto/t_product-list/products/RBR/2022/RBR22009_32_1/Balance-T-Shirt.jpg",https://www.redbullshop.com/en-id/p/Men/Balance-T-Shirt/RBR22009/?preselectedVariant=M-151144
Chicane T-Shirt,Normal,Men,44.95,"https://assets.redbullshop.com/images/f_auto,q_auto/t_product-list/products/RBR/2022/RBR22002_2D_1/Chicane-T-Shirt.jpg",https://www.redbullshop.com/en-id/p/Men/Chicane-T-Shirt/RBR22002/?preselectedVariant=M-151066
Chicane Hoodie,Normal,Men,99.95,"https://assets.redbullshop.com/images/f_auto,q_auto/t_product-list/products/RBR/2022/RBR22001_2_1/Chicane-Hoodie.jpg",https://www.redbullshop.com/en-id/p/Men/Chicane-Hoodie/RBR22001/?preselectedVariant=M-151054
Balance Hoodie,Normal,Men,99.95,"https://assets.redbullshop.com/images/f_auto,q_auto/t_product-list/products/RBR/2022/RBR22007_1G_1/Balance-Hoodie.jpg",https://www.redbullshop.com/en-id/p/Men/Balance-Hoodie/RBR22007/?preselectedVariant=M-151108
Chicane T-Shirt,Normal,Men,44.95,"https://assets.redbullshop.com/images/f_auto,q_auto/t_product-list/products/RBR/2022/RBR22002_1H_1/Chicane-T-Shirt.jpg",https://www.redbullshop.com/en-id/p/Men/Chicane-T-Shirt/RBR22002/?preselectedVariant=M-151060
Balance Hoodie,Normal,Men,99.95,"https://assets.redbullshop.com/images/f_auto,q_auto/t_product-list/products/RBR/2022/RBR22007_2H_1/Balance-Hoodie.jpg",https://www.redbullshop.com/en-id/p/Men/Balance-Hoodie/RBR22007/?preselectedVariant=M-151114
Traction Hoodie,Normal,Men,59.95,"https://assets.redbullshop.com/images/f_auto,q_auto/t_product-list/products/RBR/2022/RBR22010_13_1/Traction-Hoodie.jpg",https://www.redbullshop.com/en-id/p/Herren/Traction-Hoodie/RBR22010/?preselectedVariant=M-151150
Balance Polo Shirt,Normal,Men,49.95,"https://assets.redbullshop.com/images/f_auto,q_auto/t_product-list/products/RBR/2022/RBR22008_13_1/Balance-Polo-Shirt.jpg",https://www.redbullshop.com/en-id/p/Herren/Balance-Polo-Shirt/RBR22008/?preselectedVariant=M-151120
Balance Polo Shirt,Normal,Men,49.95,"https://assets.redbullshop.com/images/f_auto,q_auto/t_product-list/products/RBR/2022/RBR22008_2_1/Balance-Polo-Shirt.jpg",https://www.redbullshop.com/en-id/p/Men/Balance-Polo-Shirt/RBR22008/?preselectedVariant=M-151126
Traction Sweatpants,Normal,Men,54.95,"https://assets.redbullshop.com/images/f_auto,q_auto/t_product-list/products/RBR/2022/RBR22011_2_1/Traction-Sweatpants.jpg",https://www.redbullshop.com/en-id/p/Herren/Traction-Jogginghose/RBR22011/?preselectedVariant=M-151168
Traction Sweatpants,Normal,Men,54.95,"https://assets.redbullshop.com/images/f_auto,q_auto/t_product-list/products/RBR/2022/RBR22011_13_1/Traction-Sweatpants.jpg",https://www.redbullshop.com/en-id/p/Herren/Traction-Jogginghose/RBR22011/?preselectedVariant=M-151162
Chicane Cap,Normal,Unisex,29.95,"https://assets.redbullshop.com/images/f_auto,q_auto/t_product-list/products/RBR/2022/RBR22126_3_1/Chicane-Cap.jpg",https://www.redbullshop.com/en-id/p/Chicane-Cap/RBR22126/?preselectedVariant=M-151308
Chicane Flat Cap,Normal,Unisex,29.95,"https://assets.redbullshop.com/images/f_auto,q_auto/t_product-list/products/RBR/2022/RBR22129_1G_1/Chicane-Flat-Cap.jpg",https://www.redbullshop.com/en-id/p/Chicane-Flat-Cap/RBR22129/?preselectedVariant=M-151310
Chicane Cap,Normal,Unisex,29.95,"https://assets.redbullshop.com/images/f_auto,q_auto/t_product-list/products/RBR/2022/RBR22126_13_1/Chicane-Cap.jpg",https://www.redbullshop.com/en-id/p/Chicane-Cap/RBR22126/?preselectedVariant=M-151307
Chicane Cap,Normal,Unisex,29.95,"https://assets.redbullshop.com/images/f_auto,q_auto/t_product-list/products/RBR/2022/RBR22126_2_1/Chicane-Cap.jpg",https://www.redbullshop.com/en-id/p/Chicane-Cap/RBR22126/?preselectedVariant=M-151309
Traction T-Shirt,Normal,Youth,29.95,"https://assets.redbullshop.com/images/f_auto,q_auto/t_product-list/products/RBR/2022/RBR22017_13_1/Traction-T-Shirt.jpg",https://www.redbullshop.com/en-id/p/Youth/Traction-T-Shirt/RBR22017/?preselectedVariant=M-151216
Traction Shorts,Normal,Men,44.95,"https://assets.redbullshop.com/images/f_auto,q_auto/t_product-list/products/RBR/2022/RBR22012_13_1/Traction-Shorts.jpg",https://www.redbullshop.com/en-id/p/Men/Traction-Shorts/RBR22012/?preselectedVariant=M-151174
Traction T-Shirt,Normal,Youth,29.95,"https://assets.redbullshop.com/images/f_auto,q_auto/t_product-list/products/RBR/2022/RBR22017_6_1/Traction-T-Shirt.jpg",https://www.redbullshop.com/en-id/p/Youth/Traction-T-Shirt/RBR22017/?preselectedVariant=M-151221
Track Training Jacket,Normal,Men,99.95,"https://assets.redbullshop.com/images/f_auto,q_auto/t_product-list/products/RBR/2022/RBR22014_1J_1/Track-Training-Jacket.jpg",https://www.redbullshop.com/en-id/p/Men/Track-Training-Jacket/RBR22014/?preselectedVariant=M-151198
Track T-Shirt,Normal,Men,49.95,"https://assets.redbullshop.com/images/f_auto,q_auto/t_product-list/products/RBR/2022/RBR22016_2E_1/Track-T-Shirt.jpg",https://www.redbullshop.com/en-id/p/Men/Track-T-Shirt/RBR22016/?preselectedVariant=M-151210
Traction Hoodie,Normal,Youth,44.95,"https://assets.redbullshop.com/images/f_auto,q_auto/t_product-list/products/RBR/2022/RBR22018_13_1/Traction-Hoodie.jpg",https://www.redbullshop.com/en-id/p/Youth/Traction-Hoodie/RBR22018/?preselectedVariant=M-151226
Chicane Flat Cap,Normal,Unisex,29.95,"https://assets.redbullshop.com/images/f_auto,q_auto/t_product-list/products/RBR/2022/RBR22129_3F_1/Chicane-Flat-Cap.jpg",https://www.redbullshop.com/en-id/p/Chicane-Flat-Cap/RBR22129/?preselectedVariant=M-151311
Lap T-Shirt,Normal,Youth,24.95,"https://assets.redbullshop.com/images/f_auto,q_auto/t_product-list/products/RBR/2021/RBR21083_13_1/Lap-T-Shirt.jpg",https://www.redbullshop.com/en-id/p/Youth/Lap-T-Shirt/RBR21083/?preselectedVariant=M-146698
Checo Perez SP11 T-Shirt,Normal,Men,39.95,"https://assets.redbullshop.com/images/f_auto,q_auto/t_product-list/products/RBR/2021/RBR21148_13_1/Checo-Perez-SP11-T-Shirt.jpg",https://www.redbullshop.com/en-id/p/Men/Checo-Perez-SP11-T-Shirt/RBR21148/?preselectedVariant=M-190156
Checo Perez SP11 Hoodie,Normal,Men,79.95,"https://assets.redbullshop.com/images/f_auto,q_auto/t_product-list/products/RBR/2021/RBR21147_13_1/Checo-Perez-SP11-Hoodie.jpg",https://www.redbullshop.com/en-id/p/Men/Checo-Perez-SP11-Hoodie/RBR21147/?preselectedVariant=M-190040
Checo Special GP Cap,Normal,Unisex,39.95,"https://assets.redbullshop.com/images/f_auto,q_auto/t_product-list/products/RBR/2021/RBR21152_13_1/Checo-Special-GP-Cap.jpg",https://www.redbullshop.com/en-id/p/Checo-Special-GP-Cap/RBR21152/?preselectedVariant=M-190228
Checo Special GP Flat Cap,Normal,Unisex,39.95,"https://assets.redbullshop.com/images/f_auto,q_auto/t_product-list/products/RBR/2021/RBR21165_13_1/Checo-Special-GP-Flat-Cap.jpg",https://www.redbullshop.com/en-id/p/Checo-Special-GP-Flat-Cap/RBR21165/?preselectedVariant=M-190229
Checo Special GP Cap,Normal,Youth,34.95,"https://assets.redbullshop.com/images/f_auto,q_auto/t_product-list/products/RBR/2021/RBR21166_13_1/Checo-Special-GP-Cap.jpg",https://www.redbullshop.com/en-id/p/Youth/Checo-Special-GP-Cap/RBR21166/?preselectedVariant=M-190346
Esports Driver Cap,Normal,Unisex,29.95,"https://assets.redbullshop.com/images/f_auto,q_auto/t_product-list/products/RBR/2021/RBR21169_13_1/Esports-Driver-Cap.jpg",https://www.redbullshop.com/en-id/p/Esports-Driver-Cap/RBR21169/?preselectedVariant=M-150555
Esports Driver T-Shirt,Normal,Unisex,49.95,"https://assets.redbullshop.com/images/f_auto,q_auto/t_product-list/products/RBR/2021/RBR21168_13_1/Esports-Driver-T-Shirt.jpg",https://www.redbullshop.com/en-id/p/Esports-Driver-T-Shirt/RBR21168/?preselectedVariant=M-150539
Engine Messenger Bag,Sale,Unisex,17.95,"https://assets.redbullshop.com/images/f_auto,q_auto/t_product-list/products/RBR/2021/RBR21131_13_1/Engine-Messenger-Bag.jpg",https://www.redbullshop.com/en-id/p/Engine-Messenger-Tasche/RBR21131/?preselectedVariant=M-198684
Engine T-Shirt,Normal,Men,39.95,"https://assets.redbullshop.com/images/f_auto,q_auto/t_product-list/products/RBR/2021/RBR21112_13_M01/Engine-T-Shirt.jpg",https://www.redbullshop.com/en-id/p/Herren/Engine-T-Shirt/RBR21112/?preselectedVariant=M-198536
Engine T-Shirt,Normal,Men,39.95,"https://assets.redbullshop.com/images/f_auto,q_auto/t_product-list/products/RBR/2021/RBR21112_21_M01/Engine-T-Shirt.jpg",https://www.redbullshop.com/en-id/p/Men/Engine-T-Shirt/RBR21112/?preselectedVariant=M-198542
Dynamic  Track Pants,Sale,Men,34.95,"https://assets.redbullshop.com/images/f_auto,q_auto/t_product-list/products/RBR/2021/RBR21116_21_M01/Dynamic-Track-Pants.jpg",https://www.redbullshop.com/en-id/p/Men/Dynamic-Track-Pants/RBR21116/?preselectedVariant=M-198614
MV Sweatpants,Sale,Men,48.95,"https://assets.redbullshop.com/images/f_auto,q_auto/t_product-list/products/RBR/2021/RBR21172_13_1/MV-Sweatpants.jpg",https://www.redbullshop.com/en-id/p/Men/MV-Sweatpants/RBR21172/?preselectedVariant=M-150174
Red Bull Glasses Set of 2,Normal,Unisex,19.95,"https://assets.redbullshop.com/images/f_auto,q_auto/t_product-list/products/GEN/2020/GEN20033_5A_1/Red-Bull-Glasses-Set-of-2.jpg",https://www.redbullshop.com/en-id/p/Red-Bull-Glasses-Set-of-2/GEN20033/?preselectedVariant=M-146373
Red Bull Racing IRIS Flow Headphones,Normal,Unisex,419.95,"https://assets.redbullshop.com/images/f_auto,q_auto/t_product-list/products/RBR/2021/TEST20003_1G_1/IRIS-Flow-Headphones.jpg",https://www.redbullshop.com/en-id/p/Red-Bull-Racing-IRIS-Flow-Headphones/TEST20003/?preselectedVariant=M-150704
Checo Perez Driver Flag,Normal,Unisex,19.95,"https://assets.redbullshop.com/images/f_auto,q_auto/t_product-list/products/RBR/2021/RBR21144_7_1/Checo-Perez-Driver-Flag.jpg",https://www.redbullshop.com/en-id/p/Checo-Perez-Driver-Flag/RBR21144/?preselectedVariant=M-147583
Checo Perez Performance T-Shirt,Normal,Men,44.95,"https://assets.redbullshop.com/images/f_auto,q_auto/t_product-list/products/RBR/2021/RBR21141_3_1/Checo-Perez-Performance-T-Shirt.jpg",https://www.redbullshop.com/en-id/p/Men/Checo-Perez-Performance-T-Shirt/RBR21141/?preselectedVariant=M-147571
Playseat® Formula Intelligence - Red Bull Racing,Normal,Unisex,"2,499.95","https://assets.redbullshop.com/images/f_auto,q_auto/t_product-list/products/RBR/2021/TEST20001_1_1/Playseat-Formula-Intelligence-Red-Bull-Racing.jpg",https://www.redbullshop.com/en-id/p/Playseat%C2%AE-Formula-Intelligence---Red-Bull-Racing/TEST20001/?preselectedVariant=M-150134
Playseat® Formula PRO - Red Bull Racing,Normal,Unisex,"1,199.95","https://assets.redbullshop.com/images/f_auto,q_auto/t_product-list/products/RBR/2021/TEST20002_1_1/Playseat-Formula-PRO-Red-Bull-Racing.jpg",https://www.redbullshop.com/en-id/p/Playseat%C2%AE-Formula-PRO---Red-Bull-Racing/TEST20002/?preselectedVariant=M-150133
Scrawl T-Shirt,Sale,Men,44.95,"https://assets.redbullshop.com/images/f_auto,q_auto/t_product-list/products/RBR/2021/RBR21017_1H_M01/Scrawl-T-Shirt.jpg",https://www.redbullshop.com/en-id/p/Men/Scrawl-T-Shirt/RBR21017/?preselectedVariant=M-196116
Scrawl T-Shirt,Sale,Men,44.95,"https://assets.redbullshop.com/images/f_auto,q_auto/t_product-list/products/RBR/2021/RBR21017_3D_M01/Scrawl-T-Shirt.jpg",https://www.redbullshop.com/en-id/p/Men/Scrawl-T-Shirt/RBR21017/?preselectedVariant=M-196128
Scrawl T-Shirt,Sale,Men,44.95,"https://assets.redbullshop.com/images/f_auto,q_auto/t_product-list/products/RBR/2021/RBR21017_2A_M01/Scrawl-T-Shirt.jpg",https://www.redbullshop.com/en-id/p/Men/Scrawl-T-Shirt/RBR21017/?preselectedVariant=M-196122
Injection Cap,Normal,Unisex,34.95,"https://assets.redbullshop.com/images/f_auto,q_auto/t_product-list/products/RBRXM/null/RBRXM009_13_1/Injection-Cap.jpg",https://www.redbullshop.com/en-id/p/Injection-Cap/RBRXM009/?preselectedVariant=M-146509
Lap Drink Bottle,Normal,Unisex,24.95,"https://assets.redbullshop.com/images/f_auto,q_auto/t_product-list/products/RBR/2021/RBR21094_13_1/Lap-Drink-Bottle.jpg",https://www.redbullshop.com/en-id/p/Lap-Drink-Bottle/RBR21094/?preselectedVariant=M-146513
Lap Hoodie,Normal,Men,79.95,"https://assets.redbullshop.com/images/f_auto,q_auto/t_product-list/products/RBR/2021/RBR21062_13_M01/Lap-Hoodie.jpg",https://www.redbullshop.com/en-id/p/Men/Lap-Hoodie/RBR21062/?preselectedVariant=M-146729
Heritage Basketball Jersey,Sale,Men,49.95,"https://assets.redbullshop.com/images/f_auto,q_auto/t_product-list/products/RBR/2021/RBR21068_13_1/Heritage-Basketball-Jersey.jpg",https://www.redbullshop.com/en-id/p/Men/Heritage-Basketball-Jersey/RBR21068/?preselectedVariant=M-146759
Lap Hoodie,Normal,Youth,69.95,"https://assets.redbullshop.com/images/f_auto,q_auto/t_product-list/products/RBR/2021/RBR21081_13_1/Lap-Hoodie.jpg",https://www.redbullshop.com/en-id/p/Youth/Lap-Hoodie/RBR21081/?preselectedVariant=M-146819
Lap Travel Mug,Normal,Unisex,24.95,"https://assets.redbullshop.com/images/f_auto,q_auto/t_product-list/products/RBR/2021/RBR21095_13_1/Lap-Travel-Mug.jpg",https://www.redbullshop.com/en-id/p/Lap-Travel-Mug/RBR21095/?preselectedVariant=M-146706
Lap Keyring,Normal,Unisex,14.95,"https://assets.redbullshop.com/images/f_auto,q_auto/t_product-list/products/RBR/2021/RBR21101_13_1/Lap-Keyring.jpg",https://www.redbullshop.com/en-id/p/Lap-Schl%C3%BCsselanh%C3%A4nger/RBR21101/?preselectedVariant=M-146511
Lap T-Shirt,Normal,Men,29.95,"https://assets.redbullshop.com/images/f_auto,q_auto/t_product-list/products/RBR/2021/RBR21076_13_1/Lap-T-Shirt.jpg",https://www.redbullshop.com/en-id/p/Herren/Lap-T-Shirt/RBR21076/?preselectedVariant=M-146686
Lap Flag,Normal,Unisex,19.95,"https://assets.redbullshop.com/images/f_auto,q_auto/t_product-list/products/RBR/2021/RBR21099_1H_1/Lap-Flag.jpg",https://www.redbullshop.com/en-id/p/Lap-Fahne/RBR21099/?preselectedVariant=M-146837
Lap Travel Pillow,Normal,Unisex,24.95,"https://assets.redbullshop.com/images/f_auto,q_auto/t_product-list/products/RBR/2021/RBR21093_13_1/Lap-Travel-Pillow.jpg",https://www.redbullshop.com/en-id/p/Lap-Travel-Pillow/RBR21093/?preselectedVariant=M-146705
Lap T-Shirt,Normal,Women,29.95,"https://assets.redbullshop.com/images/f_auto,q_auto/t_product-list/products/RBR/2021/RBR21078_13_1/Lap-T-Shirt.jpg",https://www.redbullshop.com/en-id/p/Women/Lap-T-Shirt/RBR21078/?preselectedVariant=M-146692
Heritage Softshell Jacket,Normal,Men,129.95,"https://assets.redbullshop.com/images/f_auto,q_auto/t_product-list/products/RBR/2021/RBR21057_13_M01/Heritage-Softshell-Jacket.jpg",https://www.redbullshop.com/en-id/p/Men/Heritage-Softshell-Jacket/RBR21057/?preselectedVariant=M-146635
Heritage Windbreaker,Normal,Men,119.95,"https://assets.redbullshop.com/images/f_auto,q_auto/t_product-list/products/RBR/2021/RBR21059_13_M01/Heritage-Windbreaker.jpg",https://www.redbullshop.com/en-id/p/Men/Heritage-Windbreaker/RBR21059/?preselectedVariant=M-146717
Max Verstappen Driver Flag,Normal,Unisex,19.95,"https://assets.redbullshop.com/images/f_auto,q_auto/t_product-list/products/RBR/2021/RBR21097_43_1/Max-Verstappen-Driver-Flag.jpg",https://www.redbullshop.com/en-id/p/Max-Verstappen-Driver-Flag/RBR21097/?preselectedVariant=M-146835
Max Verstappen Driver Hoodie,Normal,Youth,69.95,"https://assets.redbullshop.com/images/f_auto,q_auto/t_product-list/products/RBR/2021/RBR21080_43_1/Max-Verstappen-Driver-Hoodie.jpg",https://www.redbullshop.com/en-id/p/Youth/Max-Verstappen-Driver-Hoodie/RBR21080/?preselectedVariant=M-146813
Max Verstappen Heritage Polo Shirt,Normal,Men,64.95,"https://assets.redbullshop.com/images/f_auto,q_auto/t_product-list/products/RBR/2021/RBR21065_43_M01/Max-Verstappen-Heritage-Polo-Shirt.jpg",https://www.redbullshop.com/en-id/p/Men/Max-Verstappen-Heritage-Polo-Shirt/RBR21065/?preselectedVariant=M-146747
Street Rider Shoe,Sale,Unisex,109.95,"https://assets.redbullshop.com/images/f_auto,q_auto/t_product-list/products/RBR/2021/RBR21050_1C_1/Street-Rider-Shoe.jpg",https://www.redbullshop.com/en-id/p/Street-Rider-Shoe/RBR21050/?preselectedVariant=M-196414
Street Rider Shoe,Sale,Unisex,109.95,"https://assets.redbullshop.com/images/f_auto,q_auto/t_product-list/products/RBR/2021/RBR21050_3_1/Street-Rider-Shoe.jpg",https://www.redbullshop.com/en-id/p/Street-Rider-Shoe/RBR21050/?preselectedVariant=M-196423
XTG T-Shirt,Sale,Men,44.95,"https://assets.redbullshop.com/images/f_auto,q_auto/t_product-list/products/RBR/2021/RBR21018_13_M01/XTG-T-Shirt.jpg",https://www.redbullshop.com/en-id/p/Men/XTG-T-Shirt/RBR21018/?preselectedVariant=M-196134
XTG T-Shirt,Sale,Men,44.95,"https://assets.redbullshop.com/images/f_auto,q_auto/t_product-list/products/RBR/2021/RBR21018_3_M01/XTG-T-Shirt.jpg",https://www.redbullshop.com/en-id/p/Men/XTG-T-Shirt/RBR21018/?preselectedVariant=M-196140
Apex T-Shirt,Sale,Men,39.95,"https://assets.redbullshop.com/images/f_auto,q_auto/t_product-list/products/RBR/2021/RBR21023_1F_M01/Apex-T-Shirt.jpg",https://www.redbullshop.com/en-id/p/Men/Apex-T-Shirt/RBR21023/?preselectedVariant=M-196212
Apex T-Shirt,Sale,Men,39.95,"https://assets.redbullshop.com/images/f_auto,q_auto/t_product-list/products/RBR/2021/RBR21023_3_M01/Apex-T-Shirt.jpg",https://www.redbullshop.com/en-id/p/Men/Apex-T-Shirt/RBR21023/?preselectedVariant=M-196206
Apex Pants,Sale,Men,34.95,"https://assets.redbullshop.com/images/f_auto,q_auto/t_product-list/products/RBR/2021/RBR21025_21_M01/Apex-Pants.jpg",https://www.redbullshop.com/en-id/p/Men/Apex-Pants/RBR21025/?preselectedVariant=M-196242
MCS T-Shirt,Sale,Men,39.95,"https://assets.redbullshop.com/images/f_auto,q_auto/t_product-list/products/RBR/2021/RBR21020_1H_M01/MCS-T-Shirt.jpg",https://www.redbullshop.com/en-id/p/Men/MCS-T-Shirt/RBR21020/?preselectedVariant=M-196152
Apex T-Shirt,Sale,Men,39.95,"https://assets.redbullshop.com/images/f_auto,q_auto/t_product-list/products/RBR/2021/RBR21023_4_M01/Apex-T-Shirt.jpg",https://www.redbullshop.com/en-id/p/Men/Apex-T-Shirt/RBR21023/?preselectedVariant=M-196218
Apex Pants,Sale,Men,34.95,"https://assets.redbullshop.com/images/f_auto,q_auto/t_product-list/products/RBR/2021/RBR21025_13_M01/Apex-Pants.jpg",https://www.redbullshop.com/en-id/p/Herren/Apex-Hose/RBR21025/?preselectedVariant=M-196236
Apex Hoodie,Normal,Men,99.95,"https://assets.redbullshop.com/images/f_auto,q_auto/t_product-list/products/RBR/2021/RBR21024_13_M01/Apex-Hoodie.jpg",https://www.redbullshop.com/en-id/p/Men/Apex-Hoodie/RBR21024/?preselectedVariant=M-196224
Apex Hoodie,Normal,Men,99.95,"https://assets.redbullshop.com/images/f_auto,q_auto/t_product-list/products/RBR/2021/RBR21024_21_M01/Apex-Hoodie.jpg",https://www.redbullshop.com/en-id/p/Men/Apex-Hoodie/RBR21024/?preselectedVariant=M-196230
Shakedown Hoodie,Normal,Men,79.95,"https://assets.redbullshop.com/images/f_auto,q_auto/t_product-list/products/RBR/2021/RBR21021_13_M01/Shakedown-Hoodie.jpg",https://www.redbullshop.com/en-id/p/Men/Shakedown-Hoodie/RBR21021/?preselectedVariant=M-196164
Shakedown T-Shirt,Normal,Men,39.95,"https://assets.redbullshop.com/images/f_auto,q_auto/t_product-list/products/RBR/2021/RBR21022_3_M01/Shakedown-T-Shirt.jpg",https://www.redbullshop.com/en-id/p/Men/Shakedown-T-Shirt/RBR21022/?preselectedVariant=M-196188
Shakedown T-Shirt,Normal,Men,39.95,"https://assets.redbullshop.com/images/f_auto,q_auto/t_product-list/products/RBR/2021/RBR21022_21_M01/Shakedown-T-Shirt.jpg",https://www.redbullshop.com/en-id/p/Men/Shakedown-T-Shirt/RBR21022/?preselectedVariant=M-196182
Shakedown Hoodie,Normal,Men,79.95,"https://assets.redbullshop.com/images/f_auto,q_auto/t_product-list/products/RBR/2021/RBR21021_21_M01/Shakedown-Hoodie.jpg",https://www.redbullshop.com/en-id/p/Men/Shakedown-Hoodie/RBR21021/?preselectedVariant=M-196170
MCS T-Shirt,Sale,Men,39.95,"https://assets.redbullshop.com/images/f_auto,q_auto/t_product-list/products/RBR/2021/RBR21020_21_M01/MCS-T-Shirt.jpg",https://www.redbullshop.com/en-id/p/Men/MCS-T-Shirt/RBR21020/?preselectedVariant=M-196158
Marque Cap,Normal,Unisex,17.95,"https://assets.redbullshop.com/images/f_auto,q_auto/t_product-list/products/RBRXM/null/RBRXM001_13_1/Marque-Cap.jpg",https://www.redbullshop.com/en-id/p/Marque-Cap/RBRXM001/?preselectedVariant=M-143456
RS_X Shoe,Sale,Unisex,59.95,"https://assets.redbullshop.com/images/f_auto,q_auto/t_product-list/products/RBR/2020/RBR20114_1F_1/RS-X-Shoe.jpg",https://www.redbullshop.com/en-id/p/RS-X-Shoe/RBR20114/?preselectedVariant=M-193832
X-Ray Shoes,Sale,Unisex,89.95,"https://assets.redbullshop.com/images/f_auto,q_auto/t_product-list/products/RBR/2020/RBR20115_1F_1/X-Ray-Shoes.jpg",https://www.redbullshop.com/en-id/p/X-Ray-Shoes/RBR20115/?preselectedVariant=M-193840
Emblem T-Shirt,Sale,Men,19.95,"https://assets.redbullshop.com/images/f_auto,q_auto/t_product-list/products/RBR/2020/RBR20104_1H_M01/Emblem-T-Shirt.jpg",https://www.redbullshop.com/en-id/p/Men/Emblem-T-Shirt/RBR20104/?preselectedVariant=M-193779
Emblem T-Shirt,Sale,Men,19.95,"https://assets.redbullshop.com/images/f_auto,q_auto/t_product-list/products/RBR/2020/RBR20104_3E_1/Emblem-T-Shirt.jpg",https://www.redbullshop.com/en-id/p/Men/Emblem-T-Shirt/RBR20104/?preselectedVariant=M-193791
Aero Zip Hoodie ,Sale,Men,49.95,"https://assets.redbullshop.com/images/f_auto,q_auto/t_product-list/products/RBR/2020/RBR20099_1H_M01/Aero-Zip-Hoodie.jpg",https://www.redbullshop.com/en-id/p/Men/Aero-Zip-Hoodie-/RBR20099/?preselectedVariant=M-193926
Aero Packable Down Jacket,Normal,Men,69.95,"https://assets.redbullshop.com/images/f_auto,q_auto/t_product-list/products/RBR/2020/RBR20097_1H_M01/Aero-Packable-Down-Jacket.jpg",https://www.redbullshop.com/en-id/p/Men/Aero-Packable-Down-Jacket/RBR20097/?preselectedVariant=M-193703
Aero Zip Hoodie ,Sale,Men,49.95,"https://assets.redbullshop.com/images/f_auto,q_auto/t_product-list/products/RBR/2020/RBR20099_24_1/Aero-Zip-Hoodie.jpg",https://www.redbullshop.com/en-id/p/Men/Aero-Zip-Hoodie-/RBR20099/?preselectedVariant=M-193932
Emblem T-Shirt,Sale,Men,19.95,"https://assets.redbullshop.com/images/f_auto,q_auto/t_product-list/products/RBR/2020/RBR20104_24_1/Emblem-T-Shirt.jpg",https://www.redbullshop.com/en-id/p/Men/Emblem-T-Shirt/RBR20104/?preselectedVariant=M-193785
Street T-Shirt ,Sale,Men,22.95,"https://assets.redbullshop.com/images/f_auto,q_auto/t_product-list/products/RBR/2020/RBR20039_13_2/Street-T-Shirt.jpg",https://www.redbullshop.com/en-id/p/Men/Street-T-Shirt-/RBR20039/?preselectedVariant=M-191700
Tread T-Shirt,Sale,Men,19.95,"https://assets.redbullshop.com/images/f_auto,q_auto/t_product-list/products/RBR/2020/RBR20045_13_1/Tread-T-Shirt.jpg",https://www.redbullshop.com/en-id/p/Men/Tread-T-Shirt/RBR20045/?preselectedVariant=M-191730
Street T-Shirt ,Sale,Men,22.95,"https://assets.redbullshop.com/images/f_auto,q_auto/t_product-list/products/RBR/2020/RBR20039_3_2/Street-T-Shirt.jpg",https://www.redbullshop.com/en-id/p/Men/Street-T-Shirt-/RBR20039/?preselectedVariant=M-191710
Street Zip Hoodie,Sale,Men,49.95,"https://assets.redbullshop.com/images/f_auto,q_auto/t_product-list/products/RBR/2020/RBR20031_13_1/Street-Zip-Hoodie.jpg",https://www.redbullshop.com/en-id/p/Men/Street-Zip-Hoodie/RBR20031/?preselectedVariant=M-191658
Tread T-Shirt,Sale,Men,19.95,"https://assets.redbullshop.com/images/f_auto,q_auto/t_product-list/products/RBR/2020/RBR20045_3_1/Tread-T-Shirt.jpg",https://www.redbullshop.com/en-id/p/Men/Tread-T-Shirt/RBR20045/?preselectedVariant=M-191742
Tread T-Shirt,Sale,Men,19.95,"https://assets.redbullshop.com/images/f_auto,q_auto/t_product-list/products/RBR/2020/RBR20045_24_2/Tread-T-Shirt.jpg",https://www.redbullshop.com/en-id/p/Men/Tread-T-Shirt/RBR20045/?preselectedVariant=M-191736
Street T-Shirt ,Sale,Men,22.95,"https://assets.redbullshop.com/images/f_auto,q_auto/t_product-list/products/RBR/2020/RBR20039_24_1/Street-T-Shirt.jpg",https://www.redbullshop.com/en-id/p/Men/Street-T-Shirt-/RBR20039/?preselectedVariant=M-191705
T7 Track Sweat Jacket,Sale,Men,49.95,"https://assets.redbullshop.com/images/f_auto,q_auto/t_product-list/products/RBR/2020/RBR20030_13_1/T7-Track-Sweat-Jacket.jpg",https://www.redbullshop.com/en-id/p/Men/T7-Track-Sweat-Jacket/RBR20030/?preselectedVariant=M-191652
Street Jacket,Sale,Men,69.95,"https://assets.redbullshop.com/images/f_auto,q_auto/t_product-list/products/RBR/2020/RBR20003_13_2/Street-Jacket.jpg",https://www.redbullshop.com/en-id/p/Men/Street-Jacket/RBR20003/?preselectedVariant=M-191567
Street Zip Hoodie,Sale,Men,49.95,"https://assets.redbullshop.com/images/f_auto,q_auto/t_product-list/products/RBR/2020/RBR20031_24_1/Street-Zip-Hoodie.jpg",https://www.redbullshop.com/en-id/p/Men/Street-Zip-Hoodie/RBR20031/?preselectedVariant=M-191664
Wie man ein Auto baut by Adrian Newey,Normal,Unisex,28.00,"https://assets.redbullshop.com/images/f_auto,q_auto/t_product-list/products/RBM/2018/RBM18004_0_1/Wie-man-ein-Auto-baut-by-Adrian-Newey.jpg",https://www.redbullshop.com/en-id/p/Wie-man-ein-Auto-baut-by-Adrian-Newey/RBM18004/?preselectedVariant=M-136306
Red Bull Glass,Normal,Unisex,9.95,"https://assets.redbullshop.com/images/f_auto,q_auto/t_product-list/products/GEN/2020/GEN20034_5A_1/Red-Bull-Glass.jpg",https://www.redbullshop.com/en-id/p/Red-Bull-Glass/GEN20034/?preselectedVariant=M-146374
