RBL Cup Final Scarf 21/22,New,Unisex,15.00,"https://assets.redbullshop.com/images/f_auto,q_auto/t_product-list/products/RBL/2022/RBL22123_5_1/RBL-Cup-Final-Scarf-21-22.jpg",https://www.redbullshop.com/en-id/p/RBL-Pokalfinale-Schal-21-22/RBL22123/?preselectedVariant=M-158954
RBL Cup Final Mug 21/22,New,Unisex,15.00,"https://assets.redbullshop.com/images/f_auto,q_auto/t_product-list/products/RBL/2022/RBL22124_13_1/RBL-Cup-Final-Mug-21-22.jpg",https://www.redbullshop.com/en-id/p/RBL-Cup-Final-Mug-21-22/RBL22124/?preselectedVariant=M-158955
RBL Cup Final T-Shirt 21/22,New,Men,20.00,"https://assets.redbullshop.com/images/f_auto,q_auto/t_product-list/products/RBL/2022/RBL22121_13_M01/RBL-Cup-Final-T-Shirt-21-22.jpg",https://www.redbullshop.com/en-id/p/Herren/RBL-Pokalfinale-T-Shirt-21-22/RBL22121/?preselectedVariant=M-158944
RBL Cup Final T-Shirt 21/22,New,Youth,15.00,"https://assets.redbullshop.com/images/f_auto,q_auto/t_product-list/products/RBL/2022/RBL22122_13_1/RBL-Cup-Final-T-Shirt-21-22.jpg",https://www.redbullshop.com/en-id/p/Youth/RBL-Pokalfinale-T-Shirt-21-22/RBL22122/?preselectedVariant=M-158949
RBL Club Patch Small,New,Unisex,7.95,"https://assets.redbullshop.com/images/f_auto,q_auto/t_product-list/products/RBL/2021/RBL21123_3C_1/RBL-Club-Patch-Small.jpg",https://www.redbullshop.com/en-id/p/RBL-Club-Patch-Small/RBL21123/?preselectedVariant=M-152550
RBL Club Patch Big,New,Unisex,9.95,"https://assets.redbullshop.com/images/f_auto,q_auto/t_product-list/products/RBL/2021/RBL21122_3C_1/RBL-Club-Patch-Big.jpg",https://www.redbullshop.com/en-id/p/RBL-Club-Patch-Big/RBL21122/?preselectedVariant=M-152549
RBL Klostermann Scarf 21/22,Normal,Unisex,14.95,"https://assets.redbullshop.com/images/f_auto,q_auto/t_product-list/products/RBL/2021/RBL21266_5_1/RBL-Klostermann-Scarf-21-22.jpg",https://www.redbullshop.com/en-id/p/RBL-Klostermann-Schal-21-22/RBL21266/?preselectedVariant=M-154216
RBL 3D Sticker,Normal,Unisex,3.95,"https://assets.redbullshop.com/images/f_auto,q_auto/t_product-list/products/RBL/2021/RBL21116_5_1/RBL-3D-Sticker.jpg",https://www.redbullshop.com/en-id/p/RBL-3D-Sticker/RBL21116/?preselectedVariant=M-151046
RBL LED Light,Normal,Unisex,29.95,"https://assets.redbullshop.com/images/f_auto,q_auto/t_product-list/products/RBL/2021/RBL21150_4C_1/RBL-LED-Light.jpg",https://www.redbullshop.com/en-id/p/RBL-LED-Licht/RBL21150/?preselectedVariant=M-150403
RBL Model Ball,Normal,Unisex,24.95,"https://assets.redbullshop.com/images/f_auto,q_auto/t_product-list/products/RBL/2021/RBL21233_3C_1/RBL-Model-Ball.jpg",https://www.redbullshop.com/en-id/p/RBL-Modell-Ball/RBL21233/?preselectedVariant=M-150633
RBL Haidara Scarf 21/22,Normal,Unisex,14.95,"https://assets.redbullshop.com/images/f_auto,q_auto/t_product-list/products/RBL/2021/RBL21265_5_1/RBL-Haidara-Scarf-21-22.jpg",https://www.redbullshop.com/en-id/p/RBL-Haidara-Schal-21-22/RBL21265/?preselectedVariant=M-154215
RBL Shadow Beanie,Normal,Unisex,24.95,"https://assets.redbullshop.com/images/f_auto,q_auto/t_product-list/products/RBL/2021/RBL21100_9_M01/RBL-Shadow-Beanie.jpg",https://www.redbullshop.com/en-id/p/RBL-Shadow-M%C3%BCtze/RBL21100/?preselectedVariant=M-149211
RBL Shadow Bobble Hat,Normal,Unisex,34.95,"https://assets.redbullshop.com/images/f_auto,q_auto/t_product-list/products/RBL/2021/RBL21202_9_1/RBL-Shadow-Bobble-Hat.jpg",https://www.redbullshop.com/en-id/p/RBL-Shadow-Bommelm%C3%BCtze/RBL21202/?preselectedVariant=M-149212
RBL Shadow Hoodie,Normal,Men,59.95,"https://assets.redbullshop.com/images/f_auto,q_auto/t_product-list/products/RBL/2021/RBL21043_9_M01/RBL-Shadow-Hoodie.jpg",https://www.redbullshop.com/en-id/p/Herren/RBL-Shadow-Hoodie/RBL21043/?preselectedVariant=M-150699
RBL Shadow Hoodie,Normal,Youth,49.95,"https://assets.redbullshop.com/images/f_auto,q_auto/t_product-list/products/RBL/2021/RBL21045_9_1/RBL-Shadow-Hoodie.jpg",https://www.redbullshop.com/en-id/p/Youth/RBL-Shadow-Hoodie/RBL21045/?preselectedVariant=M-150721
RBL Shadow T-Shirt,Normal,Youth,19.95,"https://assets.redbullshop.com/images/f_auto,q_auto/t_product-list/products/RBL/2021/RBL21046_9_1/RBL-Shadow-T-Shirt.jpg",https://www.redbullshop.com/en-id/p/Youth/RBL-Shadow-T-Shirt/RBL21046/?preselectedVariant=M-150728
RBL Brobbey Scarf 21/22,Normal,Unisex,14.95,"https://assets.redbullshop.com/images/f_auto,q_auto/t_product-list/products/RBL/2021/RBL21249_5_1/RBL-Brobbey-Scarf-21-22.jpg",https://www.redbullshop.com/en-id/p/RBL-Brobbey-Schal-21-22/RBL21249/?preselectedVariant=M-152066
RBL Club Thermal Mug,Normal,Unisex,19.95,"https://assets.redbullshop.com/images/f_auto,q_auto/t_product-list/products/RBL/2021/RBL21104_27_1/RBL-Club-Thermal-Mug.jpg",https://www.redbullshop.com/en-id/p/RBL-Club-Thermobecher/RBL21104/?preselectedVariant=M-149177
RBL Switch Lenticular Sticker,Normal,Unisex,2.95,"https://assets.redbullshop.com/images/f_auto,q_auto/t_product-list/products/RBL/2021/RBL21117_4C_1/RBL-Switch-Lenticular-Sticker.jpg",https://www.redbullshop.com/en-id/p/RBL-Switch-Lenticular-Sticker/RBL21117/?preselectedVariant=M-149585
RBL Club Beer Glass,Normal,Unisex,12.95,"https://assets.redbullshop.com/images/f_auto,q_auto/t_product-list/products/RBL/2021/RBL21138_5_1/RBL-Club-Beer-Glass.jpg",https://www.redbullshop.com/en-id/p/RBL-Club-Bierglas/RBL21138/?preselectedVariant=M-153594
RBL Advent Candle Holders,Normal,Unisex,19.95,"https://assets.redbullshop.com/images/f_auto,q_auto/t_product-list/products/RBL/2021/RBL20252_4_1/RBL-Advent-Candle-Holders.jpg",https://www.redbullshop.com/en-id/p/RBL-Adventskerzenhalter/RBL20252/?preselectedVariant=M-151314
RB Leipzig Fan Calendar 2022,Sale,Unisex,9.95,"https://assets.redbullshop.com/images/f_auto,q_auto/t_product-list/products/RBL/2021/RBL21218_5_1/RB-Leipzig-Fan-Calendar-2022.jpg",https://www.redbullshop.com/en-id/p/RB-Leipzig-Fan-Calendar-2022/RBL21218/?preselectedVariant=M-152076
RB Leipzig Fan Planner 2022 ,Sale,Unisex,6.95,"https://assets.redbullshop.com/images/f_auto,q_auto/t_product-list/products/RBL/2021/RBL21219_5_1/RB-Leipzig-Fan-Planner-2022.jpg",https://www.redbullshop.com/en-id/p/RB-Leipzig-Fan-Planner-2022-/RBL21219/?preselectedVariant=M-152077
RBL Nike Travel Jacket 21/22,Sale,Men,90.95,"https://assets.redbullshop.com/images/f_auto,q_auto/t_product-list/products/RBL/2021/RBL21175_9A_1/RBL-Nike-Travel-Jacket-21-22.jpg",https://www.redbullshop.com/en-id/p/Men/RBL-Nike-Travel-Jacket-21-22/RBL21175/?preselectedVariant=M-150127
RBL Home Shorts 21/22,Normal,Men,39.95,"https://assets.redbullshop.com/images/f_auto,q_auto/t_product-list/products/RBL/2021/RBL21241_4_1/RBL-Home-Shorts-21-22.jpg",https://www.redbullshop.com/en-id/p/Men/RBL-Home-Shorts-21-22/RBL21241/?preselectedVariant=M-153654
RBL Christmas Socks,Normal,Unisex,9.95,"https://assets.redbullshop.com/images/f_auto,q_auto/t_product-list/products/RBL/2021/RBL20242_4C_1/RBL-Christmas-Socks.jpg",https://www.redbullshop.com/en-id/p/RBL-Christmas-Socks/RBL20242/?preselectedVariant=M-150475
RBL Nike Goalkeeper Jersey 21/22,Sale,Youth,41.95,"https://assets.redbullshop.com/images/f_auto,q_auto/t_product-list/products/RBL/2021/RBL21223_1_1/RBL-Nike-Goalkeeper-Jersey-21-22.jpg",https://www.redbullshop.com/en-id/p/Youth/RBL-Nike-Goalkeeper-Jersey-21-22/RBL21223/?preselectedVariant=M-151770
RBL Arrow Padded Jacket,Normal,Unisex,109.95,"https://assets.redbullshop.com/images/f_auto,q_auto/t_product-list/products/RBL/2021/RBL21002_13_M01/RBL-Arrow-Padded-Jacket.jpg",https://www.redbullshop.com/en-id/p/RBL-Arrow-Padded-Jacket/RBL21002/?preselectedVariant=M-150070
RBL Nike Goalkeeper Jersey 21/22,Sale,Men,62.95,"https://assets.redbullshop.com/images/f_auto,q_auto/t_product-list/products/RBL/2021/RBL21222_1_1/RBL-Nike-Goalkeeper-Jersey-21-22.jpg",https://www.redbullshop.com/en-id/p/Herren/RBL-Nike-Torwarttrikot-21-22-/RBL21222/?preselectedVariant=M-151765
RBL Arrow Softshell Jacket,Normal,Men,99.95,"https://assets.redbullshop.com/images/f_auto,q_auto/t_product-list/products/RBL/2021/RBL21003_13_M01/RBL-Arrow-Softshell-Jacket.jpg",https://www.redbullshop.com/en-id/p/Men/RBL-Arrow-Softshell-Jacket/RBL21003/?preselectedVariant=M-150076
RBL Club Rain Jacket,Normal,Unisex,74.95,"https://assets.redbullshop.com/images/f_auto,q_auto/t_product-list/products/RBL/2021/RBL21018_1_M01/RBL-Club-Rain-Jacket.jpg",https://www.redbullshop.com/en-id/p/RBL-Club-Rain-Jacket/RBL21018/?preselectedVariant=M-148238
RBL Arrow Winter Jacket,Normal,Men,139.95,"https://assets.redbullshop.com/images/f_auto,q_auto/t_product-list/products/RBL/2021/RBL21001_13_M01/RBL-Arrow-Winter-Jacket.jpg",https://www.redbullshop.com/en-id/p/Herren/RBL-Arrow-Winterjacke/RBL21001/?preselectedVariant=M-150064
RBL Arrow Winter Jacket,Sale,Women,83.95,"https://assets.redbullshop.com/images/f_auto,q_auto/t_product-list/products/RBL/2021/RBL21008_13_M01/RBL-Arrow-Winter-Jacket.jpg",https://www.redbullshop.com/en-id/p/Women/RBL-Arrow-Winter-Jacket/RBL21008/?preselectedVariant=M-150082
RBL Arrow Winter Jacket,Normal,Youth,109.95,"https://assets.redbullshop.com/images/f_auto,q_auto/t_product-list/products/RBL/2021/RBL21012_13_1/RBL-Arrow-Winter-Jacket.jpg",https://www.redbullshop.com/en-id/p/Youth/RBL-Arrow-Winterjacke/RBL21012/?preselectedVariant=M-150088
RBL Christmastree Decoration Set,Normal,Unisex,14.95,"https://assets.redbullshop.com/images/f_auto,q_auto/t_product-list/products/RBL/2021/RBL20250_5_1/RBL-Christmastree-Decoration-Set.jpg",https://www.redbullshop.com/en-id/p/RBL-Weihnachtskugel-Set/RBL20250/?preselectedVariant=M-152327
RBL Chistmas Beanie,Normal,Unisex,24.95,"https://assets.redbullshop.com/images/f_auto,q_auto/t_product-list/products/RBL/2021/RBL20243_4C_1/RBL-Chistmas-Beanie.jpg",https://www.redbullshop.com/en-id/p/RBL-Chistmas-Beanie/RBL20243/?preselectedVariant=M-150686
RBL Christmas Mug,Normal,Unisex,12.95,"https://assets.redbullshop.com/images/f_auto,q_auto/t_product-list/products/RBL/2021/RBL20248_5_1/RBL-Christmas-Mug.jpg",https://www.redbullshop.com/en-id/p/RBL-Weihnachtsbecher/RBL20248/?preselectedVariant=M-152061
RBL Christmas Scarf,Normal,Unisex,14.95,"https://assets.redbullshop.com/images/f_auto,q_auto/t_product-list/products/RBL/2021/RBL20244_4C_1/RBL-Christmas-Scarf.jpg",https://www.redbullshop.com/en-id/p/RBL-Christmas-Scarf/RBL20244/?preselectedVariant=M-151403
RBLZ Gaming New Era Trucker Cap,Normal,Unisex,29.95,"https://assets.redbullshop.com/images/f_auto,q_auto/t_product-list/products/RBL/2021/RBL21206_9C_1/RBLZ-Gaming-New-Era-Trucker-Cap.jpg",https://www.redbullshop.com/en-id/p/RBLZ-Gaming-New-Era-Trucker-Cap/RBL21206/?preselectedVariant=M-149565
RBL Christmas Cushion,Normal,Unisex,19.95,"https://assets.redbullshop.com/images/f_auto,q_auto/t_product-list/products/RBL/2021/RBL20246_4C_1/RBL-Christmas-Cushion.jpg",https://www.redbullshop.com/en-id/p/RBL-Christmas-Cushion/RBL20246/?preselectedVariant=M-151761
RBL Christmas Sweater,Normal,Unisex,49.95,"https://assets.redbullshop.com/images/f_auto,q_auto/t_product-list/products/RBL/2021/RBL20241_4C_M01/RBL-Christmas-Sweater.jpg",https://www.redbullshop.com/en-id/p/RBL-Christmas-Sweater/RBL20241/?preselectedVariant=M-150465
RBL Nike Lifestyle T-Shirt,Normal,Men,29.95,"https://assets.redbullshop.com/images/f_auto,q_auto/t_product-list/products/RBL/2021/RBL21200_9_M01/RBL-Nike-Lifestyle-T-Shirt.jpg",https://www.redbullshop.com/en-id/p/Men/RBL-Nike-Lifestyle-T-Shirt/RBL21200/?preselectedVariant=M-151874
RBLZ Gaming New Era Bobble Hat,Normal,Unisex,29.95,"https://assets.redbullshop.com/images/f_auto,q_auto/t_product-list/products/RBL/2021/RBL21207_4E_1/RBLZ-Gaming-New-Era-Bobble-Hat.jpg",https://www.redbullshop.com/en-id/p/RBLZ-Gaming-New-Era-Bommel-M%C3%BCtze/RBL21207/?preselectedVariant=M-150452
RBL Club Mug,Normal,Unisex,12.95,"https://assets.redbullshop.com/images/f_auto,q_auto/t_product-list/products/RBL/2021/RBL21112_4_1/RBL-Club-Mug.jpg",https://www.redbullshop.com/en-id/p/RBL-Club-Mug/RBL21112/?preselectedVariant=M-148540
RBL City Icon Garden Gnome,Normal,Unisex,29.95,"https://assets.redbullshop.com/images/f_auto,q_auto/t_product-list/products/RBL/2021/RBL21081_5_1/RBL-City-Icon-Garden-Gnome.jpg",https://www.redbullshop.com/en-id/p/RBL-City-Icon-Garden-Gnome/RBL21081/?preselectedVariant=M-148539
RBL Glow in the Dark Sticker Set,Normal,Unisex,4.95,"https://assets.redbullshop.com/images/f_auto,q_auto/t_product-list/products/RBL/2021/RBL21115_5_1/RBL-Glow-in-the-Dark-Sticker-Set.jpg",https://www.redbullshop.com/en-id/p/RBL-Sticker-Set-leuchtend/RBL21115/?preselectedVariant=M-151045
RBL Arrow Drink Bottle,Normal,Unisex,19.95,"https://assets.redbullshop.com/images/f_auto,q_auto/t_product-list/products/RBL/2021/RBL21139_4_1/RBL-Arrow-Drink-Bottle.jpg",https://www.redbullshop.com/en-id/p/RBL-Arrow-Drink-Bottle/RBL21139/?preselectedVariant=M-148545
RBL Gateway Wallet,Normal,Unisex,9.95,"https://assets.redbullshop.com/images/f_auto,q_auto/t_product-list/products/RBL/2021/RBL21084_1G_1/RBL-Gateway-Wallet.jpg",https://www.redbullshop.com/en-id/p/RBL-Gateway-Geldbeutel/RBL21084/?preselectedVariant=M-149241
RBL Gateway Gym Bag,Normal,Unisex,14.95,"https://assets.redbullshop.com/images/f_auto,q_auto/t_product-list/products/RBL/2021/RBL21089_1G_1/RBL-Gateway-Gym-Bag.jpg",https://www.redbullshop.com/en-id/p/RBL-Gateway-Gym-Bag/RBL21089/?preselectedVariant=M-149406
RBL Gateway Pencil Case,Normal,Unisex,12.95,"https://assets.redbullshop.com/images/f_auto,q_auto/t_product-list/products/RBL/2021/RBL21088_1G_1/RBL-Gateway-Pencil-Case.jpg",https://www.redbullshop.com/en-id/p/RBL-Gateway-Pencil-Case/RBL21088/?preselectedVariant=M-149405
RBL Third Jersey 21/22,Sale,Men,62.95,"https://assets.redbullshop.com/images/f_auto,q_auto/t_product-list/products/RBL/2021/RBL21163_13_M01/RBL-Third-Jersey-21-22.jpg",https://www.redbullshop.com/en-id/p/Men/RBL-Third-Jersey-21-22/RBL21163/?preselectedVariant=M-149924
RBL Youth Third Jersey 21/22,Sale,Youth,41.95,"https://assets.redbullshop.com/images/f_auto,q_auto/t_product-list/products/RBL/2021/RBL21168_13_1/RBL-Youth-Third-Jersey-21-22.jpg",https://www.redbullshop.com/en-id/p/Youth/RBL-Youth-Third-Jersey-21-22/RBL21168/?preselectedVariant=M-149945
RBL Car Sticker Black ,Normal,Unisex,3.95,"https://assets.redbullshop.com/images/f_auto,q_auto/t_product-list/products/RBL/2021/RBL21220_9_1/RBL-Car-Sticker-Black.jpg",https://www.redbullshop.com/en-id/p/RBL-Autosticker-Schwarz/RBL21220/?preselectedVariant=M-150843
RBL Car Sticker ,Normal,Unisex,3.95,"https://assets.redbullshop.com/images/f_auto,q_auto/t_product-list/products/RBL/2021/RBL21221_24_1/RBL-Car-Sticker.jpg",https://www.redbullshop.com/en-id/p/RBL-Autosticker/RBL21221/?preselectedVariant=M-151044
RBL Controller Skin,Normal,Unisex,12.95,"https://assets.redbullshop.com/images/f_auto,q_auto/t_product-list/products/RBL/2021/RBL21235_3C_1/RBL-Controller-Skin.jpg",https://www.redbullshop.com/en-id/p/RBL-Controller-Skin/RBL21235/?preselectedVariant=M-150824
RBL Club Bathrobe,Normal,Unisex,49.95,"https://assets.redbullshop.com/images/f_auto,q_auto/t_product-list/products/RBL/2021/RBL21105_4_1/RBL-Club-Bathrobe.jpg",https://www.redbullshop.com/en-id/p/RBL-Club-Bathrobe/RBL21105/?preselectedVariant=M-148999
RBL Nike Youth Training Pants 21/22,Sale,Youth,31.95,"https://assets.redbullshop.com/images/f_auto,q_auto/t_product-list/products/RBL/2021/RBL21184_9A_1/RBL-Nike-Youth-Training-Pants-21-22.jpg",https://www.redbullshop.com/en-id/p/Youth/RBL-Nike-Youth-Training-Pants-21-22/RBL21184/?preselectedVariant=M-150010
RBL Club Hoodie Grey,Normal,Unisex,49.95,"https://assets.redbullshop.com/images/f_auto,q_auto/t_product-list/products/RBL/2021/RBL21020_2F_M01/RBL-Club-Hoodie-Grey.jpg",https://www.redbullshop.com/en-id/p/RBL-Club-Hoodie-Grey/RBL21020/?preselectedVariant=M-148376
RBL Club Hoodie Navy,Normal,Unisex,49.95,"https://assets.redbullshop.com/images/f_auto,q_auto/t_product-list/products/RBL/2021/RBL21021_13_M01/RBL-Club-Hoodie-Navy.jpg",https://www.redbullshop.com/en-id/p/RBL-Club-Hoodie-Navy/RBL21021/?preselectedVariant=M-148383
RBL Club Sweat Jacket,Normal,Unisex,59.95,"https://assets.redbullshop.com/images/f_auto,q_auto/t_product-list/products/RBL/2021/RBL21019_13_1/RBL-Club-Sweat-Jacket.jpg",https://www.redbullshop.com/en-id/p/RBL-Club-Sweat-Jacket/RBL21019/?preselectedVariant=M-148369
RBL Club T-Shirt,Normal,Unisex,19.95,"https://assets.redbullshop.com/images/f_auto,q_auto/t_product-list/products/RBL/2021/RBL21024_4_1/RBL-Club-T-Shirt.jpg",https://www.redbullshop.com/en-id/p/RBL-Club-T-Shirt/RBL21024/?preselectedVariant=M-148404
RBL Club T-Shirt,Normal,Unisex,19.95,"https://assets.redbullshop.com/images/f_auto,q_auto/t_product-list/products/RBL/2021/RBL21023_13_M01/RBL-Club-T-Shirt.jpg",https://www.redbullshop.com/en-id/p/RBL-Club-T-Shirt/RBL21023/?preselectedVariant=M-148397
RBL Club T-Shirt,Normal,Unisex,19.95,"https://assets.redbullshop.com/images/f_auto,q_auto/t_product-list/products/RBL/2021/RBL21022_3_M01/RBL-Club-T-Shirt.jpg",https://www.redbullshop.com/en-id/p/RBL-Club-T-Shirt/RBL21022/?preselectedVariant=M-148390
RBL Club Sweat Jacket,Normal,Youth,49.95,"https://assets.redbullshop.com/images/f_auto,q_auto/t_product-list/products/RBL/2021/RBL21049_13_1/RBL-Club-Sweat-Jacket.jpg",https://www.redbullshop.com/en-id/p/Youth/RBL-Club-Sweat-Jacket/RBL21049/?preselectedVariant=M-148460
RBL Club T-Shirt,Normal,Youth,17.95,"https://assets.redbullshop.com/images/f_auto,q_auto/t_product-list/products/RBL/2021/RBL21028_3_1/RBL-Club-T-Shirt.jpg",https://www.redbullshop.com/en-id/p/Youth/RBL-Club-T-Shirt/RBL21028/?preselectedVariant=M-148432
RBL Club T-Shirt,Normal,Youth,17.95,"https://assets.redbullshop.com/images/f_auto,q_auto/t_product-list/products/RBL/2021/RBL21030_4_1/RBL-Club-T-Shirt.jpg",https://www.redbullshop.com/en-id/p/Youth/RBL-Club-T-Shirt/RBL21030/?preselectedVariant=M-148446
RBL Club Hoodie,Normal,Youth,39.95,"https://assets.redbullshop.com/images/f_auto,q_auto/t_product-list/products/RBL/2021/RBL21027_13_1/RBL-Club-Hoodie.jpg",https://www.redbullshop.com/en-id/p/Youth/RBL-Club-Hoodie/RBL21027/?preselectedVariant=M-148425
RBL Club T-Shirt,Normal,Youth,17.95,"https://assets.redbullshop.com/images/f_auto,q_auto/t_product-list/products/RBL/2021/RBL21029_13_1/RBL-Club-T-Shirt.jpg",https://www.redbullshop.com/en-id/p/Youth/RBL-Club-T-Shirt/RBL21029/?preselectedVariant=M-148439
RBL Club Hoodie,Normal,Youth,39.95,"https://assets.redbullshop.com/images/f_auto,q_auto/t_product-list/products/RBL/2021/RBL21026_2F_1/RBL-Club-Hoodie.jpg",https://www.redbullshop.com/en-id/p/Youth/RBL-Club-Hoodie/RBL21026/?preselectedVariant=M-148418
RBL Club Sweatpants,Normal,Youth,34.95,"https://assets.redbullshop.com/images/f_auto,q_auto/t_product-list/products/RBL/2021/RBL21048_2F_1/RBL-Club-Sweatpants.jpg",https://www.redbullshop.com/en-id/p/Youth/RBL-Club-Sweatpants/RBL21048/?preselectedVariant=M-148453
RBL Club Cruet Set,Normal,Unisex,12.95,"https://assets.redbullshop.com/images/f_auto,q_auto/t_product-list/products/RBL/2021/RBL21132_3_1/RBL-Club-Cruet-Set.jpg",https://www.redbullshop.com/en-id/p/RBL-Club-Cruet-Set/RBL21132/?preselectedVariant=M-148542
RBL Arrow Zip Hoodie,Normal,Men,69.95,"https://assets.redbullshop.com/images/f_auto,q_auto/t_product-list/products/RBL/2021/RBL21004_13_M01/RBL-Arrow-Zip-Hoodie.jpg",https://www.redbullshop.com/en-id/p/Men/RBL-Arrow-Zip-Hoodie/RBL21004/?preselectedVariant=M-147703
RBL Arrow T-Shirt,Normal,Men,29.95,"https://assets.redbullshop.com/images/f_auto,q_auto/t_product-list/products/RBL/2021/RBL21006_13_M01/RBL-Arrow-T-Shirt.jpg",https://www.redbullshop.com/en-id/p/Men/RBL-Arrow-T-Shirt/RBL21006/?preselectedVariant=M-148295
RBL Arrow Polo Shirt,Normal,Men,39.95,"https://assets.redbullshop.com/images/f_auto,q_auto/t_product-list/products/RBL/2021/RBL21005_13_M01/RBL-Arrow-Polo-Shirt.jpg",https://www.redbullshop.com/en-id/p/Herren/RBL-Arrow-Polo-Shirt/RBL21005/?preselectedVariant=M-148289
RBL Arrow T-Shirt,Sale,Women,17.95,"https://assets.redbullshop.com/images/f_auto,q_auto/t_product-list/products/RBL/2021/RBL21010_2H_M01/RBL-Arrow-T-Shirt.jpg",https://www.redbullshop.com/en-id/p/Damen/RBL-Arrow-T-Shirt/RBL21010/?preselectedVariant=M-148307
RBL Zip Hoodie,Sale,Women,41.95,"https://assets.redbullshop.com/images/f_auto,q_auto/t_product-list/products/RBL/2021/RBL21009_2H_M01/RBL-Zip-Hoodie.jpg",https://www.redbullshop.com/en-id/p/Women/RBL-Zip-Hoodie/RBL21009/?preselectedVariant=M-148301
RBL Arrow T-Shirt,Normal,Youth,24.95,"https://assets.redbullshop.com/images/f_auto,q_auto/t_product-list/products/RBL/2021/RBL21014_13_1/RBL-Arrow-T-Shirt.jpg",https://www.redbullshop.com/en-id/p/Youth/RBL-Arrow-T-Shirt/RBL21014/?preselectedVariant=M-148326
RBL Arrow Polo Shirt,Sale,Women,23.95,"https://assets.redbullshop.com/images/f_auto,q_auto/t_product-list/products/RBL/2021/RBL21011_2H_M01/RBL-Arrow-Polo-Shirt.jpg",https://www.redbullshop.com/en-id/p/Damen/RBL-Arrow-Polo-Shirt/RBL21011/?preselectedVariant=M-148313
RBL Arrow Zip Hoodie,Normal,Youth,54.95,"https://assets.redbullshop.com/images/f_auto,q_auto/t_product-list/products/RBL/2021/RBL21013_13_1/RBL-Arrow-Zip-Hoodie.jpg",https://www.redbullshop.com/en-id/p/Youth/RBL-Arrow-Zip-Hoodie/RBL21013/?preselectedVariant=M-148319
RBL Pen set of 3,Normal,Unisex,4.95,"https://assets.redbullshop.com/images/f_auto,q_auto/t_product-list/products/RBL/2021/RBL21124_3C_1/RBL-Pen-set-of-3.jpg",https://www.redbullshop.com/en-id/p/RBL-Pen-set-of-3/RBL21124/?preselectedVariant=M-149176
RBL Club Slippers,Normal,Unisex,14.95,"https://assets.redbullshop.com/images/f_auto,q_auto/t_product-list/products/RBL/2021/RBL21149_21_1/RBL-Club-Slippers.jpg",https://www.redbullshop.com/en-id/p/RBL-Club-Slippers/RBL21149/?preselectedVariant=M-147674
RBL Glow in the Dark Bedding,Normal,Unisex,49.95,"https://assets.redbullshop.com/images/f_auto,q_auto/t_product-list/products/RBL/2021/RBL21146_4C_1/RBL-Glow-in-the-Dark-Bedding.jpg",https://www.redbullshop.com/en-id/p/RBL-Glow-in-the-Dark-Bedding/RBL21146/?preselectedVariant=M-149195
RBL Skat Cards,Normal,Unisex,7.95,"https://assets.redbullshop.com/images/f_auto,q_auto/t_product-list/products/RBL/2021/RBL21134_5_1/RBL-Skat-Cards.jpg",https://www.redbullshop.com/en-id/p/RBL-Skat-Karten/RBL21134/?preselectedVariant=M-149411
RBL Nike Player Polo Shirt 21/22,Sale,Men,27.95,"https://assets.redbullshop.com/images/f_auto,q_auto/t_product-list/products/RBL/2021/RBL21176_9_1/RBL-Nike-Player-Polo-Shirt-21-22.jpg",https://www.redbullshop.com/en-id/p/Herren/RBL-Nike-Player-Polo-Shirt-21-22/RBL21176/?preselectedVariant=M-149970
RBL Nike Warm Up Longsleeve 21/22,Sale,Men,38.95,"https://assets.redbullshop.com/images/f_auto,q_auto/t_product-list/products/RBL/2021/RBL21170_9C_M01/RBL-Nike-Warm-Up-Longsleeve-21-22.jpg",https://www.redbullshop.com/en-id/p/Men/RBL-Nike-Warm-Up-Longsleeve-21-22/RBL21170/?preselectedVariant=M-150122
RBL Nike Warm Up T-Shirt 21/22,Sale,Men,32.95,"https://assets.redbullshop.com/images/f_auto,q_auto/t_product-list/products/RBL/2021/RBL21169_9C_M01/RBL-Nike-Warm-Up-T-Shirt-21-22.jpg",https://www.redbullshop.com/en-id/p/Men/RBL-Nike-Warm-Up-T-Shirt-21-22/RBL21169/?preselectedVariant=M-150117
RBL Jersey Onesie,Normal,Youth,19.95,"https://assets.redbullshop.com/images/f_auto,q_auto/t_product-list/products/RBL/2021/RBL21054_5_1/RBL-Jersey-Onesie.jpg",https://www.redbullshop.com/en-id/p/Youth/RBL-Jersey-Onesie/RBL21054/?preselectedVariant=M-149297
RBL Baby Bull Hoodie,Normal,Youth,29.95,"https://assets.redbullshop.com/images/f_auto,q_auto/t_product-list/products/RBL/2021/RBL21051_4_1/RBL-Baby-Bull-Hoodie.jpg",https://www.redbullshop.com/en-id/p/Youth/RBL-Baby-Bull-Hoodie/RBL21051/?preselectedVariant=M-149269
RBL Baby Bull T-shirt,Normal,Youth,14.95,"https://assets.redbullshop.com/images/f_auto,q_auto/t_product-list/products/RBL/2021/RBL21052_4_1/RBL-Baby-Bull-T-shirt.jpg",https://www.redbullshop.com/en-id/p/Youth/RBL-Baby-Bull-T-shirt/RBL21052/?preselectedVariant=M-149285
RBL Baby Bull Pants,Normal,Youth,14.95,"https://assets.redbullshop.com/images/f_auto,q_auto/t_product-list/products/RBL/2021/RBL21053_21_1/RBL-Baby-Bull-Pants.jpg",https://www.redbullshop.com/en-id/p/Youth/RBL-Baby-Bull-Pants/RBL21053/?preselectedVariant=M-149291
RBL Club Ball,Normal,Unisex,24.95,"https://assets.redbullshop.com/images/f_auto,q_auto/t_product-list/products/RBL/2021/RBL21070_4_1/RBL-Club-Ball.jpg",https://www.redbullshop.com/en-id/p/RBL-Club-Ball/RBL21070/?preselectedVariant=M-148534
RBL Arrow Flag L,Normal,Unisex,29.95,"https://assets.redbullshop.com/images/f_auto,q_auto/t_product-list/products/RBL/2021/RBL21141_4_1/RBL-Arrow-Flag-L.jpg",https://www.redbullshop.com/en-id/p/RBL-Arrow-Flag-L/RBL21141/?preselectedVariant=M-148547
RBL New Era Storm Beanie,Normal,Unisex,29.95,"https://assets.redbullshop.com/images/f_auto,q_auto/t_product-list/products/RBL/2021/RBL21068_13_1/RBL-New-Era-Storm-Beanie.jpg",https://www.redbullshop.com/en-id/p/RBL-New-Era-Storm-Beanie/RBL21068/?preselectedVariant=M-149207
RBL New Era LEIPZIG Beanie,Normal,Unisex,24.95,"https://assets.redbullshop.com/images/f_auto,q_auto/t_product-list/products/RBL/2021/RBL21067_5_1/RBL-New-Era-LEIPZIG-Beanie.jpg",https://www.redbullshop.com/en-id/p/RBL-New-Era-LEIPZIG-Beanie/RBL21067/?preselectedVariant=M-149206
RBL Club Ball Size 4,Normal,Unisex,22.95,"https://assets.redbullshop.com/images/f_auto,q_auto/t_product-list/products/RBL/2021/RBL21071_4_1/RBL-Club-Ball-Size-4.jpg",https://www.redbullshop.com/en-id/p/RBL-Club-Ball-Size-4/RBL21071/?preselectedVariant=M-148535
RBL Club Cushion,Normal,Unisex,14.95,"https://assets.redbullshop.com/images/f_auto,q_auto/t_product-list/products/RBL/2021/RBL21102_4A_1/RBL-Club-Cushion.jpg",https://www.redbullshop.com/en-id/p/RBL-Club-Kissen/RBL21102/?preselectedVariant=M-147607
RBL Club Coaster Set,Normal,Unisex,9.95,"https://assets.redbullshop.com/images/f_auto,q_auto/t_product-list/products/RBL/2021/RBL21144_5_1/RBL-Club-Coaster-Set.jpg",https://www.redbullshop.com/en-id/p/RBL-Club-Glasuntersetzer/RBL21144/?preselectedVariant=M-148550
RBL Club Seat Cushion,Normal,Unisex,14.95,"https://assets.redbullshop.com/images/f_auto,q_auto/t_product-list/products/RBL/2021/RBL21118_4C_1/RBL-Club-Seat-Cushion.jpg",https://www.redbullshop.com/en-id/p/RBL-Club-Seat-Cushion/RBL21118/?preselectedVariant=M-149196
RBL Club Cereal Bowl,Normal,Unisex,14.95,"https://assets.redbullshop.com/images/f_auto,q_auto/t_product-list/products/RBL/2021/RBL21131_3_1/RBL-Club-Cereal-Bowl.jpg",https://www.redbullshop.com/en-id/p/RBL-Club-M%C3%BCslischale/RBL21131/?preselectedVariant=M-148541
RBL Club Egg Cup,Normal,Unisex,12.95,"https://assets.redbullshop.com/images/f_auto,q_auto/t_product-list/products/RBL/2021/RBL21133_3C_1/RBL-Club-Egg-Cup.jpg",https://www.redbullshop.com/en-id/p/RBL-Club-Eierbecher/RBL21133/?preselectedVariant=M-148543
RBL Club Fleece Blanket,Normal,Unisex,29.95,"https://assets.redbullshop.com/images/f_auto,q_auto/t_product-list/products/RBL/2021/RBL21103_3F_1/RBL-Club-Fleece-Blanket.jpg",https://www.redbullshop.com/en-id/p/RBL-Club-Fleece-Blanket/RBL21103/?preselectedVariant=M-147610
RBL Junge Liebe. Fans von RB Leipzig,Normal,Unisex,19.95,"https://assets.redbullshop.com/images/f_auto,q_auto/t_product-list/products/RBL/2021/RBL21216_5_1/RBL-Junge-Liebe-Fans-von-RB-Leipzig.jpg",https://www.redbullshop.com/en-id/p/RBL-Junge-Liebe-Fans-von-RB-Leipzig/RBL21216/?preselectedVariant=M-150483
RBL Away Shorts 21/22,Normal,Men,39.95,"https://assets.redbullshop.com/images/f_auto,q_auto/t_product-list/products/RBL/2021/RBL21161_9_1/RBL-Away-Shorts-21-22.jpg",https://www.redbullshop.com/en-id/p/Men/RBL-Away-Shorts-21-22/RBL21161/?preselectedVariant=M-149919
RBL Arrow Bedding,Normal,Unisex,39.95,"https://assets.redbullshop.com/images/f_auto,q_auto/t_product-list/products/RBL/2021/RBL21079_1H_1/RBL-Arrow-Bedding.jpg",https://www.redbullshop.com/en-id/p/RBL-Arrow-Bedding/RBL21079/?preselectedVariant=M-147606
RBL Bull Bath Towel,Normal,Unisex,19.95,"https://assets.redbullshop.com/images/f_auto,q_auto/t_product-list/products/RBL/2021/RBL21111_4_1/RBL-Bull-Bath-Towel.jpg",https://www.redbullshop.com/en-id/p/RBL-Bull-Duschtuch/RBL21111/?preselectedVariant=M-147608
RBL Club Toothbrush Set,Normal,Unisex,4.95,"https://assets.redbullshop.com/images/f_auto,q_auto/t_product-list/products/RBL/2021/RBL21135_4_1/RBL-Club-Toothbrush-Set.jpg",https://www.redbullshop.com/en-id/p/RBL-Club-Toothbrush-Set/RBL21135/?preselectedVariant=M-148544
RBL Bull Hand Towel,Normal,Unisex,14.95,"https://assets.redbullshop.com/images/f_auto,q_auto/t_product-list/products/RBL/2021/RBL21151_4_1/RBL-Bull-Hand-Towel.jpg",https://www.redbullshop.com/en-id/p/RBL-Bull-Hand-Towel/RBL21151/?preselectedVariant=M-147609
RBL Bull Socks Set of 3,Normal,Unisex,14.95,"https://assets.redbullshop.com/images/f_auto,q_auto/t_product-list/products/RBL/2021/RBL21148_5_1/RBL-Bull-Socks-Set-of-3.jpg",https://www.redbullshop.com/en-id/p/RBL-Bull-Socks-Set-of-3/RBL21148/?preselectedVariant=M-147611
RBL Club Lunch Box,Normal,Unisex,9.95,"https://assets.redbullshop.com/images/f_auto,q_auto/t_product-list/products/RBL/2021/RBL21110_4_1/RBL-Club-Lunch-Box.jpg",https://www.redbullshop.com/en-id/p/RBL-Club-Lunch-Box/RBL21110/?preselectedVariant=M-148529
RBL Bulli Scarf,Normal,Unisex,14.95,"https://assets.redbullshop.com/images/f_auto,q_auto/t_product-list/products/RBL/2021/RBL21059_5_1/RBL-Bulli-Scarf.jpg",https://www.redbullshop.com/en-id/p/RBL-Bulli-Schal/RBL21059/?preselectedVariant=M-149183
RBL Club Magnet,Normal,Unisex,9.95,"https://assets.redbullshop.com/images/f_auto,q_auto/t_product-list/products/RBL/2021/RBL21090_2_1/RBL-Club-Magnet.jpg",https://www.redbullshop.com/en-id/p/RBL-Club-Magnet/RBL21090/?preselectedVariant=M-148524
RBL Club Mono Pin,Normal,Unisex,7.95,"https://assets.redbullshop.com/images/f_auto,q_auto/t_product-list/products/RBL/2021/RBL21121_2_1/RBL-Club-Mono-Pin.jpg",https://www.redbullshop.com/en-id/p/RBL-Club-Mono-Pin/RBL21121/?preselectedVariant=M-148526
RBL Bull Clock,Normal,Unisex,24.95,"https://assets.redbullshop.com/images/f_auto,q_auto/t_product-list/products/RBL/2021/RBL21108_3C_1/RBL-Bull-Clock.jpg",https://www.redbullshop.com/en-id/p/RBL-Bull-Wanduhr/RBL21108/?preselectedVariant=M-148531
RBL Bull Keyring,Normal,Unisex,7.95,"https://assets.redbullshop.com/images/f_auto,q_auto/t_product-list/products/RBL/2021/RBL21129_4_1/RBL-Bull-Keyring.jpg",https://www.redbullshop.com/en-id/p/RBL-Bull-Keyring/RBL21129/?preselectedVariant=M-148520
RBL Club Bottle Opener,Normal,Unisex,9.95,"https://assets.redbullshop.com/images/f_auto,q_auto/t_product-list/products/RBL/2021/RBL21128_3_1/RBL-Club-Bottle-Opener.jpg",https://www.redbullshop.com/en-id/p/RBL-Club-Flaschen%C3%B6ffner/RBL21128/?preselectedVariant=M-148521
RBL Nike Training Longsleeve 21/22,Sale,Men,41.95,"https://assets.redbullshop.com/images/f_auto,q_auto/t_product-list/products/RBL/2021/RBL21172_9A_M01/RBL-Nike-Training-Longsleeve-21-22.jpg",https://www.redbullshop.com/en-id/p/Men/RBL-Nike-Training-Longsleeve-21-22/RBL21172/?preselectedVariant=M-149955
RBL Nike Training T-Shirt 21/22,Sale,Men,31.95,"https://assets.redbullshop.com/images/f_auto,q_auto/t_product-list/products/RBL/2021/RBL21171_9A_M01/RBL-Nike-Training-T-Shirt-21-22.jpg",https://www.redbullshop.com/en-id/p/Men/RBL-Nike-Training-T-Shirt-21-22/RBL21171/?preselectedVariant=M-149950
RBL Nike Youth Training Shorts 21/22,Sale,Youth,20.95,"https://assets.redbullshop.com/images/f_auto,q_auto/t_product-list/products/RBL/2021/RBL21183_9A_1/RBL-Nike-Youth-Training-Shorts-21-22.jpg",https://www.redbullshop.com/en-id/p/Youth/RBL-Nike-Youth-Training-Shorts-21-22/RBL21183/?preselectedVariant=M-150005
RBL Nike Youth Training Longsleeve 21/22,Sale,Youth,34.95,"https://assets.redbullshop.com/images/f_auto,q_auto/t_product-list/products/RBL/2021/RBL21182_9A_1/RBL-Nike-Youth-Training-Longsleeve-21-22.jpg",https://www.redbullshop.com/en-id/p/Youth/RBL-Nike-Youth-Training-Longsleeve-21-22/RBL21182/?preselectedVariant=M-150000
RBL Nike Youth Training T-Shirt 21/22,Sale,Youth,24.95,"https://assets.redbullshop.com/images/f_auto,q_auto/t_product-list/products/RBL/2021/RBL21181_9A_1/RBL-Nike-Youth-Training-T-Shirt-21-22.jpg",https://www.redbullshop.com/en-id/p/Youth/RBL-Nike-Youth-Training-T-Shirt-21-22/RBL21181/?preselectedVariant=M-149995
RBL Nike Anthem Jacket 21/22,Sale,Men,48.95,"https://assets.redbullshop.com/images/f_auto,q_auto/t_product-list/products/RBL/2021/RBL21174_9A_M01/RBL-Nike-Anthem-Jacket-21-22.jpg",https://www.redbullshop.com/en-id/p/Men/RBL-Nike-Anthem-Jacket-21-22/RBL21174/?preselectedVariant=M-149965
RBL Nike Shorts 21/22,Sale,Men,31.95,"https://assets.redbullshop.com/images/f_auto,q_auto/t_product-list/products/RBL/2021/RBL21178_9_1/RBL-Nike-Shorts-21-22.jpg",https://www.redbullshop.com/en-id/p/Men/RBL-Nike-Shorts-21-22/RBL21178/?preselectedVariant=M-149980
RBL Nike Presentation Jacket 21/22,Sale,Men,55.95,"https://assets.redbullshop.com/images/f_auto,q_auto/t_product-list/products/RBL/2021/RBL21173_9A_M01/RBL-Nike-Presentation-Jacket-21-22.jpg",https://www.redbullshop.com/en-id/p/Men/RBL-Nike-Presentation-Jacket-21-22/RBL21173/?preselectedVariant=M-149960
RBL Signature T-Shirt,Normal,Men,24.95,"https://assets.redbullshop.com/images/f_auto,q_auto/t_product-list/products/RBL/2021/RBL21035_32_M01/RBL-Signature-T-Shirt.jpg",https://www.redbullshop.com/en-id/p/Herren/RBL-Signature-T-Shirt/RBL21035/?preselectedVariant=M-148357
RBL Signature T-Shirt,Normal,Men,24.95,"https://assets.redbullshop.com/images/f_auto,q_auto/t_product-list/products/RBL/2021/RBL21034_21_1/RBL-Signature-T-Shirt.jpg",https://www.redbullshop.com/en-id/p/Herren/RBL-Signature-T-Shirt/RBL21034/?preselectedVariant=M-148351
RBL Signature Zip Hoodie,Normal,Men,59.95,"https://assets.redbullshop.com/images/f_auto,q_auto/t_product-list/products/RBL/2021/RBL21031_13_1/RBL-Signature-Zip-Hoodie.jpg",https://www.redbullshop.com/en-id/p/Herren/RBL-Signature-Zip-Hoodie/RBL21031/?preselectedVariant=M-148333
RBL Signature Zip Hoodie,Normal,Men,59.95,"https://assets.redbullshop.com/images/f_auto,q_auto/t_product-list/products/RBL/2021/RBL21032_2F_M01/RBL-Signature-Zip-Hoodie.jpg",https://www.redbullshop.com/en-id/p/Men/RBL-Signature-Zip-Hoodie/RBL21032/?preselectedVariant=M-148339
RBL Away Jersey 21/22,Sale,Men,62.95,"https://assets.redbullshop.com/images/f_auto,q_auto/t_product-list/products/RBL/2021/RBL21160_9_M01/RBL-Away-Jersey-21-22.jpg",https://www.redbullshop.com/en-id/p/Men/RBL-Away-Jersey-21-22/RBL21160/?preselectedVariant=M-149663
RBL Home Jersey 21/22,Sale,Men,62.95,"https://assets.redbullshop.com/images/f_auto,q_auto/t_product-list/products/RBL/2021/RBL21157_3C_M01/RBL-Home-Jersey-21-22.jpg",https://www.redbullshop.com/en-id/p/Men/RBL-Home-Jersey-21-22/RBL21157/?preselectedVariant=M-149623
RBL Youth Home Jersey  21/22,Sale,Youth,41.95,"https://assets.redbullshop.com/images/f_auto,q_auto/t_product-list/products/RBL/2021/RBL21164_3C_1/RBL-Youth-Home-Jersey-21-22.jpg",https://www.redbullshop.com/en-id/p/Youth/RBL-Youth-Home-Jersey-21-22/RBL21164/?preselectedVariant=M-149629
RBL Home Shorts 21/22,Normal,Men,39.95,"https://assets.redbullshop.com/images/f_auto,q_auto/t_product-list/products/RBL/2021/RBL21158_4_1/RBL-Home-Shorts-21-22.jpg",https://www.redbullshop.com/en-id/p/Men/RBL-Home-Shorts-21-22/RBL21158/?preselectedVariant=M-149654
RBL Boardshorts,Normal,Youth,34.95,"https://assets.redbullshop.com/images/f_auto,q_auto/t_product-list/products/RBL/2021/RBL21017_4C_1/RBL-Boardshorts.jpg",https://www.redbullshop.com/en-id/p/Youth/RBL-Boardshorts/RBL21017/?preselectedVariant=M-147445
RBL Arrow Beach Towel,Normal,Unisex,24.95,"https://assets.redbullshop.com/images/f_auto,q_auto/t_product-list/products/RBL/2021/RBL21080_1H_1/RBL-Arrow-Beach-Towel.jpg",https://www.redbullshop.com/en-id/p/RBL-Arrow-Strandtuch/RBL21080/?preselectedVariant=M-147474
RBL Shower Gel,Normal,Unisex,4.95,"https://assets.redbullshop.com/images/f_auto,q_auto/t_product-list/products/RBL/2021/RBL21047_5_1/RBL-Shower-Gel.jpg",https://www.redbullshop.com/en-id/p/RBL-Shower-Gel/RBL21047/?preselectedVariant=M-146864
RBL License Plate Holder,Normal,Unisex,12.95,"https://assets.redbullshop.com/images/f_auto,q_auto/t_product-list/products/RBL/2020/RBL20230_9C_1/RBL-License-Plate-Holder.jpg",https://www.redbullshop.com/en-id/p/RBL-License-Plate-Holder/RBL20230/?preselectedVariant=M-146712
RBL New Era Strive Knit Beanie,Sale,Unisex,12.95,"https://assets.redbullshop.com/images/f_auto,q_auto/t_product-list/products/RBL/2020/RBL20050_24_1/RBL-New-Era-Strive-Knit-Beanie.jpg",https://www.redbullshop.com/en-id/p/RBL-New-Era-Strive-Knit-M%C3%BCtze/RBL20050/?preselectedVariant=M-144340
RBL New Era Strive Bobble Hat,Sale,Youth,12.95,"https://assets.redbullshop.com/images/f_auto,q_auto/t_product-list/products/RBL/2020/RBL20048_1H_1/RBL-New-Era-Strive-Bobble-Hat.jpg",https://www.redbullshop.com/en-id/p/Youth/RBL-New-Era-Strive-Bommelm%C3%BCtze/RBL20048/?preselectedVariant=M-144339
RBL Lightning Gym Bag,Sale,Unisex,14.95,"https://assets.redbullshop.com/images/f_auto,q_auto/t_product-list/products/RBL/2020/RBL20148_9_1/RBL-Lightning-Gym-Bag.jpg",https://www.redbullshop.com/en-id/p/RBL-Lightning-Gym-Bag/RBL20148/?preselectedVariant=M-145730
RBL Trainer Socks Set of 3,Normal,Unisex,9.95,"https://assets.redbullshop.com/images/f_auto,q_auto/t_product-list/products/RBL/2020/RBL20168_5_1/RBL-Trainer-Socks-Set-of-3.jpg",https://www.redbullshop.com/en-id/p/RBL-Trainer-Socks-Set-of-3/RBL20168/?preselectedVariant=M-144953
RBL Sport Socks Set of 2,Normal,Unisex,12.95,"https://assets.redbullshop.com/images/f_auto,q_auto/t_product-list/products/RBL/2020/RBL20190_9B_1/RBL-Sport-Socks-Set-of-2.jpg",https://www.redbullshop.com/en-id/p/RBL-Sportsocken-2er-Set/RBL20190/?preselectedVariant=M-145016
RBL Cityscape Keyring,Sale,Unisex,3.95,"https://assets.redbullshop.com/images/f_auto,q_auto/t_product-list/products/RBL/2020/RBL20102_1H_1/RBL-Cityscape-Keyring.jpg",https://www.redbullshop.com/en-id/p/RBL-Cityscape-Keyring/RBL20102/?preselectedVariant=M-144135
RBL New Era 9FORTY X Trucker Cap,Sale,Youth,12.95,"https://assets.redbullshop.com/images/f_auto,q_auto/t_product-list/products/RBL/2020/RBL20040_1G_1/RBL-New-Era-9FORTY-X-Trucker-Cap.jpg",https://www.redbullshop.com/en-id/p/Youth/RBL-New-Era-9FORTY-X-Trucker-Cap/RBL20040/?preselectedVariant=M-144335
RBL New Era 9Forty Forever Snapback Cap,Normal,Unisex,29.95,"https://assets.redbullshop.com/images/f_auto,q_auto/t_product-list/products/RBL/2020/RBL20037_24_1/RBL-New-Era-9Forty-Forever-Snapback-Cap.jpg",https://www.redbullshop.com/en-id/p/RBL-New-Era-9Forty-Forever-Snapback-Cap/RBL20037/?preselectedVariant=M-144242
RBL Boxer Shorts Set of 2,Normal,Men,19.95,"https://assets.redbullshop.com/images/f_auto,q_auto/t_product-list/products/RBL/2020/RBL20169_5_1/RBL-Boxer-Shorts-Set-of-2.jpg",https://www.redbullshop.com/en-id/p/Men/RBL-Boxer-Shorts-Set-of-2/RBL20169/?preselectedVariant=M-145019
RBL Bulli School Cone ,Sale,Unisex,2.95,"https://assets.redbullshop.com/images/f_auto,q_auto/t_product-list/products/RBL/2020/RBL20070_5_1/RBL-Bulli-School-Cone.jpg",https://www.redbullshop.com/en-id/p/RBL-Bulli-Schult%C3%BCte-/RBL20070/?preselectedVariant=M-144510
RBL Ruler,Normal,Unisex,7.95,"https://assets.redbullshop.com/images/f_auto,q_auto/t_product-list/products/RBL/2020/RBL20163_5_1/RBL-Ruler.jpg",https://www.redbullshop.com/en-id/p/RBL-Zollstock/RBL20163/?preselectedVariant=M-144270
RBL Microfibre Towel,Normal,Unisex,19.95,"https://assets.redbullshop.com/images/f_auto,q_auto/t_product-list/products/RBL/2020/RBL20081_13_1/RBL-Microfibre-Towel.jpg",https://www.redbullshop.com/en-id/p/RBL-Microfibre-Towel/RBL20081/?preselectedVariant=M-144122
RBL Boxer Shorts Set of 2,Normal,Men,19.95,"https://assets.redbullshop.com/images/f_auto,q_auto/t_product-list/products/RBL/2019/RBL19233_1G_1/RBL-Boxer-Shorts-Set-of-2.jpg",https://www.redbullshop.com/en-id/p/Men/RBL-Boxer-Shorts-Set-of-2/RBL19233/?preselectedVariant=M-140971
RBL Street Beanie,Sale,Unisex,9.95,"https://assets.redbullshop.com/images/f_auto,q_auto/t_product-list/products/RBL/2019/RBL19139_41_1/RBL-Street-Beanie.jpg",https://www.redbullshop.com/en-id/p/RBL-Street-Beanie/RBL19139/?preselectedVariant=M-141028
New Era Bulli Flat Cap,Sale,Youth,14.95,"https://assets.redbullshop.com/images/f_auto,q_auto/t_product-list/products/RBL/2019/RBL19258_4_1/New-Era-Bulli-Flat-Cap.jpg",https://www.redbullshop.com/en-id/p/Youth/New-Era-Bulli-Flat-Cap/RBL19258/?preselectedVariant=M-139518
RBL Sport Socks,Normal,Unisex,12.95,"https://assets.redbullshop.com/images/f_auto,q_auto/t_product-list/products/RBL/2019/RBL19204_3F_1/RBL-Sport-Socks.jpg",https://www.redbullshop.com/en-id/p/RBL-Sport-Socks/RBL19204/?preselectedVariant=M-139607
RBL Row Beanie,Sale,Unisex,12.95,"https://assets.redbullshop.com/images/f_auto,q_auto/t_product-list/products/RBL/2019/RBL19138_2C_1/RBL-Row-Beanie.jpg",https://www.redbullshop.com/en-id/p/RBL-Row-Beanie/RBL19138/?preselectedVariant=M-140651
RBL Slides,Normal,Men,19.95,"https://assets.redbullshop.com/images/f_auto,q_auto/t_product-list/products/RBL/2019/RBL19205_13_1/RBL-Slides.jpg",https://www.redbullshop.com/en-id/p/Men/RBL-Slides/RBL19205/?preselectedVariant=M-138988
RBL BBQ Apron,Sale,Unisex,8.95,"https://assets.redbullshop.com/images/f_auto,q_auto/t_product-list/products/RBL/2019/RBL19207_13_1/RBL-BBQ-Apron.jpg",https://www.redbullshop.com/en-id/p/RBL-BBQ-Apron/RBL19207/?preselectedVariant=M-139082
RBL Mouse Mat,Sale,Unisex,2.95,"https://assets.redbullshop.com/images/f_auto,q_auto/t_product-list/products/RBL/2019/RBL19041_4I_1/RBL-Mouse-Mat.jpg",https://www.redbullshop.com/en-id/p/RBL-Mouse-Mat/RBL19041/?preselectedVariant=M-137593
RBL Writing Set,Sale,Youth,8.95,"https://assets.redbullshop.com/images/f_auto,q_auto/t_product-list/products/RBL/2019/RBL19044_4I_1/RBL-Writing-Set.jpg",https://www.redbullshop.com/en-id/p/Youth/RBL-Writing-Set/RBL19044/?preselectedVariant=M-137588
RBL Pen Holder,Sale,Youth,2.95,"https://assets.redbullshop.com/images/f_auto,q_auto/t_product-list/products/RBL/2019/RBL19043_4I_1/RBL-Pen-Holder.jpg",https://www.redbullshop.com/en-id/p/Youth/RBL-Pen-Holder/RBL19043/?preselectedVariant=M-137586
RBL Bulli Car Accessory,Normal,Unisex,12.95,"https://assets.redbullshop.com/images/f_auto,q_auto/t_product-list/products/RBL/2018/RBL18216_4_1/RBL-Bulli-Car-Accessory.jpg",https://www.redbullshop.com/en-id/p/RBL-Bulli-Car-Accessory/RBL18216/?preselectedVariant=M-137140
RBL Bulli Keyring,Normal,Unisex,19.95,"https://assets.redbullshop.com/images/f_auto,q_auto/t_product-list/products/RBL/2018/RBL18217_4_1/RBL-Bulli-Keyring.jpg",https://www.redbullshop.com/en-id/p/RBL-Bulli-Keyring/RBL18217/?preselectedVariant=M-137139
RBL Loop Scarf,Sale,Unisex,9.95,"https://assets.redbullshop.com/images/f_auto,q_auto/t_product-list/products/RBL/2018/RBL18182_13_1/RBL-Loop-Scarf.jpg",https://www.redbullshop.com/en-id/p/RBL-Loop-Scarf/RBL18182/?preselectedVariant=M-135361
RBL Rubber Duck,Normal,Unisex,7.95,"https://assets.redbullshop.com/images/f_auto,q_auto/t_product-list/products/RBL/2018/RBL18114_4C_1/RBL-Rubber-Duck.jpg",https://www.redbullshop.com/en-id/p/RBL-Rubber-Duck/RBL18114/?preselectedVariant=M-133803
RBL Schoolbag,Sale,Unisex,19.95,"https://assets.redbullshop.com/images/f_auto,q_auto/t_product-list/products/RBL/2018/RBL18094_1G_1/RBL-Schoolbag.jpg",https://www.redbullshop.com/en-id/p/RBL-Schoolbag/RBL18094/?preselectedVariant=M-133158
RBL Memo Game,Normal,Unisex,12.95,"https://assets.redbullshop.com/images/f_auto,q_auto/t_product-list/products/RBL/2018/RBL18151_5_1/RBL-Memo-Game.jpg",https://www.redbullshop.com/en-id/p/RBL-Memospiel/RBL18151/?preselectedVariant=M-134396
RBL Compact Umbrella,Sale,Unisex,9.95,"https://assets.redbullshop.com/images/f_auto,q_auto/t_product-list/products/RBL/2018/RBL18115_4_1/RBL-Compact-Umbrella.jpg",https://www.redbullshop.com/en-id/p/RBL-Compact-Umbrella/RBL18115/?preselectedVariant=M-133080
RBL Bulli Magnet,Sale,Unisex,2.95,"https://assets.redbullshop.com/images/f_auto,q_auto/t_product-list/products/RBL/2018/RBL18143_4C_1/RBL-Bulli-Magnet.jpg",https://www.redbullshop.com/en-id/p/RBL-Bulli-Magnet/RBL18143/?preselectedVariant=M-133972
