,name,number_votes,share_votes,district,affiliation
0,CSÁRDI ANTAL,21778,48.47,"ORSZÁGGYŰLÉSI KÉPVISELŐK VÁLASZTÁSABUDAPEST, 01. számú OEVK - Budapest V. kerület",Dialogue-coalition
1,BÖRÖCZ LÁSZLÓ,19144,42.6,"ORSZÁGGYŰLÉSI KÉPVISELŐK VÁLASZTÁSABUDAPEST, 01. számú OEVK - Budapest V. kerület",Fidesz/KDNP
2,HOTZ ANTAL,1975,4.4,"ORSZÁGGYŰLÉSI KÉPVISELŐK VÁLASZTÁSABUDAPEST, 01. számú OEVK - Budapest V. kerület",MKKP
3,SZIKORA ISTVÁN,1229,2.74,"ORSZÁGGYŰLÉSI KÉPVISELŐK VÁLASZTÁSABUDAPEST, 01. számú OEVK - Budapest V. kerület",Others
4,MURÁNYI GERGELY,543,1.21,"ORSZÁGGYŰLÉSI KÉPVISELŐK VÁLASZTÁSABUDAPEST, 01. számú OEVK - Budapest V. kerület",MEMO
5,SWIERKIEWICZ LARION,186,0.41,"ORSZÁGGYŰLÉSI KÉPVISELŐK VÁLASZTÁSABUDAPEST, 01. számú OEVK - Budapest V. kerület",Normal party
6,SIMON GYÖRGY,79,0.18,"ORSZÁGGYŰLÉSI KÉPVISELŐK VÁLASZTÁSABUDAPEST, 01. számú OEVK - Budapest V. kerület",Others
7,OROSZ ANNA,27881,51.94,"ORSZÁGGYŰLÉSI KÉPVISELŐK VÁLASZTÁSABUDAPEST, 02. számú OEVK - Budapest XI. kerület",Dialogue-coalition
8,DR. SIMICSKÓ ISTVÁN,21864,40.73,"ORSZÁGGYŰLÉSI KÉPVISELŐK VÁLASZTÁSABUDAPEST, 02. számú OEVK - Budapest XI. kerület",Fidesz/KDNP
9,NOVÁK ELŐD,1653,3.08,"ORSZÁGGYŰLÉSI KÉPVISELŐK VÁLASZTÁSABUDAPEST, 02. számú OEVK - Budapest XI. kerület",Others
10,MENDLY MIKLÓS,1607,2.99,"ORSZÁGGYŰLÉSI KÉPVISELŐK VÁLASZTÁSABUDAPEST, 02. számú OEVK - Budapest XI. kerület",MKKP
11,SZENES GÁBOR,458,0.85,"ORSZÁGGYŰLÉSI KÉPVISELŐK VÁLASZTÁSABUDAPEST, 02. számú OEVK - Budapest XI. kerület",MEMO
12,BILLEIN PIROSKA,159,0.3,"ORSZÁGGYŰLÉSI KÉPVISELŐK VÁLASZTÁSABUDAPEST, 02. számú OEVK - Budapest XI. kerület",Normal party
13,BARABÁS GYÖRGY,56,0.1,"ORSZÁGGYŰLÉSI KÉPVISELŐK VÁLASZTÁSABUDAPEST, 02. számú OEVK - Budapest XI. kerület",Others
14,HAJNAL MIKLÓS,25323,48.42,"ORSZÁGGYŰLÉSI KÉPVISELŐK VÁLASZTÁSABUDAPEST, 03. számú OEVK - Budapest XII. kerület",Dialogue-coalition
15,DR. FÜRJES BALÁZS,21872,41.82,"ORSZÁGGYŰLÉSI KÉPVISELŐK VÁLASZTÁSABUDAPEST, 03. számú OEVK - Budapest XII. kerület",Fidesz/KDNP
16,KOVÁCS GERGELY,2861,5.47,"ORSZÁGGYŰLÉSI KÉPVISELŐK VÁLASZTÁSABUDAPEST, 03. számú OEVK - Budapest XII. kerület",MKKP
17,DR. GRUNDTNER ANDRÁS,1163,2.22,"ORSZÁGGYŰLÉSI KÉPVISELŐK VÁLASZTÁSABUDAPEST, 03. számú OEVK - Budapest XII. kerület",Others
18,HAJDU MÁRIA,680,1.3,"ORSZÁGGYŰLÉSI KÉPVISELŐK VÁLASZTÁSABUDAPEST, 03. számú OEVK - Budapest XII. kerület",Others
19,JENEI DÁVID,398,0.76,"ORSZÁGGYŰLÉSI KÉPVISELŐK VÁLASZTÁSABUDAPEST, 03. számú OEVK - Budapest XII. kerület",MEMO
20,ECSENYI SZILÁRD,0,0.0,"ORSZÁGGYŰLÉSI KÉPVISELŐK VÁLASZTÁSABUDAPEST, 03. számú OEVK - Budapest XII. kerület",Others
21,LINKA PÉTER,0,0.0,"ORSZÁGGYŰLÉSI KÉPVISELŐK VÁLASZTÁSABUDAPEST, 03. számú OEVK - Budapest XII. kerület",Others
22,TÓTH MIKLÓS,0,0.0,"ORSZÁGGYŰLÉSI KÉPVISELŐK VÁLASZTÁSABUDAPEST, 03. számú OEVK - Budapest XII. kerület",Normal party
23,TORDAI BENCE,29993,51.89,"ORSZÁGGYŰLÉSI KÉPVISELŐK VÁLASZTÁSABUDAPEST, 04. számú OEVK - Budapest II. kerület",Dialogue-coalition
24,DR. GÓR CSABA,23468,40.6,"ORSZÁGGYŰLÉSI KÉPVISELŐK VÁLASZTÁSABUDAPEST, 04. számú OEVK - Budapest II. kerület",Fidesz/KDNP
25,JUHÁSZ VERONIKA,2130,3.69,"ORSZÁGGYŰLÉSI KÉPVISELŐK VÁLASZTÁSABUDAPEST, 04. számú OEVK - Budapest II. kerület",MKKP
26,NAGY ATTILA,1352,2.34,"ORSZÁGGYŰLÉSI KÉPVISELŐK VÁLASZTÁSABUDAPEST, 04. számú OEVK - Budapest II. kerület",Others
27,HORVÁTH DIÁNA,623,1.08,"ORSZÁGGYŰLÉSI KÉPVISELŐK VÁLASZTÁSABUDAPEST, 04. számú OEVK - Budapest II. kerület",MEMO
28,LÁZ JÓZSEF,235,0.41,"ORSZÁGGYŰLÉSI KÉPVISELŐK VÁLASZTÁSABUDAPEST, 04. számú OEVK - Budapest II. kerület",Normal party
29,BENYOVSZKY GÁBOR,0,0.0,"ORSZÁGGYŰLÉSI KÉPVISELŐK VÁLASZTÁSABUDAPEST, 04. számú OEVK - Budapest II. kerület",Others
30,DR. OLÁH LAJOS,20561,51.39,"ORSZÁGGYŰLÉSI KÉPVISELŐK VÁLASZTÁSABUDAPEST, 05. számú OEVK - Budapest VII. kerület",Dialogue-coalition
31,KOVÁCS BALÁZS NORBERT,15119,37.79,"ORSZÁGGYŰLÉSI KÉPVISELŐK VÁLASZTÁSABUDAPEST, 05. számú OEVK - Budapest VII. kerület",Fidesz/KDNP
32,TERDIK ROLAND,2228,5.57,"ORSZÁGGYŰLÉSI KÉPVISELŐK VÁLASZTÁSABUDAPEST, 05. számú OEVK - Budapest VII. kerület",MKKP
33,DR. POPÉLY GYULA,1467,3.67,"ORSZÁGGYŰLÉSI KÉPVISELŐK VÁLASZTÁSABUDAPEST, 05. számú OEVK - Budapest VII. kerület",Others
34,MAJOR GERGELY RÓBERT,638,1.59,"ORSZÁGGYŰLÉSI KÉPVISELŐK VÁLASZTÁSABUDAPEST, 05. számú OEVK - Budapest VII. kerület",MEMO
35,FERGE ANIKÓ,0,0.0,"ORSZÁGGYŰLÉSI KÉPVISELŐK VÁLASZTÁSABUDAPEST, 05. számú OEVK - Budapest VII. kerület",Normal party
36,JÁMBOR ANDRÁS,21462,48.31,"ORSZÁGGYŰLÉSI KÉPVISELŐK VÁLASZTÁSABUDAPEST, 06. számú OEVK - Budapest VIII. kerület",Dialogue-coalition
37,SÁRA BOTOND,18561,41.78,"ORSZÁGGYŰLÉSI KÉPVISELŐK VÁLASZTÁSABUDAPEST, 06. számú OEVK - Budapest VIII. kerület",Fidesz/KDNP
38,DÚRÓ DÓRA,2159,4.86,"ORSZÁGGYŰLÉSI KÉPVISELŐK VÁLASZTÁSABUDAPEST, 06. számú OEVK - Budapest VIII. kerület",Others
39,DÖME ZSUZSANNA,1933,4.35,"ORSZÁGGYŰLÉSI KÉPVISELŐK VÁLASZTÁSABUDAPEST, 06. számú OEVK - Budapest VIII. kerület",MKKP
40,HAGA BÉLA,307,0.69,"ORSZÁGGYŰLÉSI KÉPVISELŐK VÁLASZTÁSABUDAPEST, 06. számú OEVK - Budapest VIII. kerület",Normal party
41,CSÉPLŐ DÁNIEL,0,0.0,"ORSZÁGGYŰLÉSI KÉPVISELŐK VÁLASZTÁSABUDAPEST, 06. számú OEVK - Budapest VIII. kerület",Others
42,BOROS GYÖRGY,0,0.0,"ORSZÁGGYŰLÉSI KÉPVISELŐK VÁLASZTÁSABUDAPEST, 06. számú OEVK - Budapest VIII. kerület",Others
43,UNGÁR DÁNIEL,0,0.0,"ORSZÁGGYŰLÉSI KÉPVISELŐK VÁLASZTÁSABUDAPEST, 06. számú OEVK - Budapest VIII. kerület",MEMO
44,SZABÓNÉ KÁLLAI SZILVIA,0,0.0,"ORSZÁGGYŰLÉSI KÉPVISELŐK VÁLASZTÁSABUDAPEST, 06. számú OEVK - Budapest VIII. kerület",Others
45,HISZÉKENY DEZSŐ,35248,60.53,"ORSZÁGGYŰLÉSI KÉPVISELŐK VÁLASZTÁSABUDAPEST, 07. számú OEVK - Budapest XIII. kerület",Dialogue-coalition
46,HARRACH TAMÁS,17697,30.39,"ORSZÁGGYŰLÉSI KÉPVISELŐK VÁLASZTÁSABUDAPEST, 07. számú OEVK - Budapest XIII. kerület",Fidesz/KDNP
47,DR. ALEVA MÁRTA,2445,4.2,"ORSZÁGGYŰLÉSI KÉPVISELŐK VÁLASZTÁSABUDAPEST, 07. számú OEVK - Budapest XIII. kerület",MKKP
48,NAGY ZSOLT,1907,3.27,"ORSZÁGGYŰLÉSI KÉPVISELŐK VÁLASZTÁSABUDAPEST, 07. számú OEVK - Budapest XIII. kerület",Others
49,HALMI BAJNOK,675,1.16,"ORSZÁGGYŰLÉSI KÉPVISELŐK VÁLASZTÁSABUDAPEST, 07. számú OEVK - Budapest XIII. kerület",MEMO
50,DR. VARGA ISTVÁN KÁROLY,263,0.45,"ORSZÁGGYŰLÉSI KÉPVISELŐK VÁLASZTÁSABUDAPEST, 07. számú OEVK - Budapest XIII. kerület",Normal party
51,DR. HADHÁZY ÁKOS,30159,54.09,"ORSZÁGGYŰLÉSI KÉPVISELŐK VÁLASZTÁSABUDAPEST, 08. számú OEVK - Budapest XIV. kerület",Dialogue-coalition
52,BORBÉLY ÁDÁM,20373,36.54,"ORSZÁGGYŰLÉSI KÉPVISELŐK VÁLASZTÁSABUDAPEST, 08. számú OEVK - Budapest XIV. kerület",Fidesz/KDNP
53,CZEGLÉDI JÁNOS,2108,3.78,"ORSZÁGGYŰLÉSI KÉPVISELŐK VÁLASZTÁSABUDAPEST, 08. számú OEVK - Budapest XIV. kerület",Others
54,RÓZSA REGINA,1946,3.49,"ORSZÁGGYŰLÉSI KÉPVISELŐK VÁLASZTÁSABUDAPEST, 08. számú OEVK - Budapest XIV. kerület",MKKP
55,JANICSÁK ISTVÁN,816,1.46,"ORSZÁGGYŰLÉSI KÉPVISELŐK VÁLASZTÁSABUDAPEST, 08. számú OEVK - Budapest XIV. kerület",MEMO
56,DUMA NORBERT,255,0.46,"ORSZÁGGYŰLÉSI KÉPVISELŐK VÁLASZTÁSABUDAPEST, 08. számú OEVK - Budapest XIV. kerület",Normal party
57,KARACS LAJOSNÉ,104,0.19,"ORSZÁGGYŰLÉSI KÉPVISELŐK VÁLASZTÁSABUDAPEST, 08. számú OEVK - Budapest XIV. kerület",Others
58,ARATÓ GERGELY,22990,45.97,"ORSZÁGGYŰLÉSI KÉPVISELŐK VÁLASZTÁSABUDAPEST, 09. számú OEVK - Budapest X. kerület",Dialogue-coalition
59,DR. PAP SÁNDOR,21282,42.55,"ORSZÁGGYŰLÉSI KÉPVISELŐK VÁLASZTÁSABUDAPEST, 09. számú OEVK - Budapest X. kerület",Fidesz/KDNP
60,VÉKONY CSONGOR,2210,4.42,"ORSZÁGGYŰLÉSI KÉPVISELŐK VÁLASZTÁSABUDAPEST, 09. számú OEVK - Budapest X. kerület",Others
61,HANKÓ KLÁRA,1957,3.91,"ORSZÁGGYŰLÉSI KÉPVISELŐK VÁLASZTÁSABUDAPEST, 09. számú OEVK - Budapest X. kerület",MKKP
62,DÉTÁRI LAJOS LÁSZLÓ,1100,2.2,"ORSZÁGGYŰLÉSI KÉPVISELŐK VÁLASZTÁSABUDAPEST, 09. számú OEVK - Budapest X. kerület",MEMO
63,DEMÉNY-NAGY KRISTÓF,292,0.58,"ORSZÁGGYŰLÉSI KÉPVISELŐK VÁLASZTÁSABUDAPEST, 09. számú OEVK - Budapest X. kerület",Normal party
64,GÁL PÉTER,180,0.36,"ORSZÁGGYŰLÉSI KÉPVISELŐK VÁLASZTÁSABUDAPEST, 09. számú OEVK - Budapest X. kerület",Others
65,SZABÓ TIMEA,26051,48.82,"ORSZÁGGYŰLÉSI KÉPVISELŐK VÁLASZTÁSABUDAPEST, 10. számú OEVK - Budapest III. kerület",Dialogue-coalition
66,BÚS BALÁZS,21940,41.12,"ORSZÁGGYŰLÉSI KÉPVISELŐK VÁLASZTÁSABUDAPEST, 10. számú OEVK - Budapest III. kerület",Fidesz/KDNP
67,BUDAI SÁNDOR,1954,3.66,"ORSZÁGGYŰLÉSI KÉPVISELŐK VÁLASZTÁSABUDAPEST, 10. számú OEVK - Budapest III. kerület",MKKP
68,KATONA MIKLÓS,1929,3.61,"ORSZÁGGYŰLÉSI KÉPVISELŐK VÁLASZTÁSABUDAPEST, 10. számú OEVK - Budapest III. kerület",Others
69,POTECZKI IMRE,826,1.55,"ORSZÁGGYŰLÉSI KÉPVISELŐK VÁLASZTÁSABUDAPEST, 10. számú OEVK - Budapest III. kerület",MEMO
70,RÓZSA LÁSZLÓ PÉTER,365,0.68,"ORSZÁGGYŰLÉSI KÉPVISELŐK VÁLASZTÁSABUDAPEST, 10. számú OEVK - Budapest III. kerület",Others
71,MÜLLER ANITA,296,0.55,"ORSZÁGGYŰLÉSI KÉPVISELŐK VÁLASZTÁSABUDAPEST, 10. számú OEVK - Budapest III. kerület",Normal party
72,DANCSI GYULA,0,0.0,"ORSZÁGGYŰLÉSI KÉPVISELŐK VÁLASZTÁSABUDAPEST, 10. számú OEVK - Budapest III. kerület",Others
73,ZÖLDEK,0,0.0,"ORSZÁGGYŰLÉSI KÉPVISELŐK VÁLASZTÁSABUDAPEST, 10. számú OEVK - Budapest III. kerület",Others
74,VARJU LÁSZLÓ,28195,50.82,"ORSZÁGGYŰLÉSI KÉPVISELŐK VÁLASZTÁSABUDAPEST, 11. számú OEVK - Budapest IV. kerület",Dialogue-coalition
75,WINTERMANTEL ZSOLT,21684,39.08,"ORSZÁGGYŰLÉSI KÉPVISELŐK VÁLASZTÁSABUDAPEST, 11. számú OEVK - Budapest IV. kerület",Fidesz/KDNP
76,PAJOR TIBOR,2480,4.47,"ORSZÁGGYŰLÉSI KÉPVISELŐK VÁLASZTÁSABUDAPEST, 11. számú OEVK - Budapest IV. kerület",Others
77,PAIZS MIKLÓS,1949,3.51,"ORSZÁGGYŰLÉSI KÉPVISELŐK VÁLASZTÁSABUDAPEST, 11. számú OEVK - Budapest IV. kerület",MKKP
78,ENDRÉDI ISTVÁN,900,1.62,"ORSZÁGGYŰLÉSI KÉPVISELŐK VÁLASZTÁSABUDAPEST, 11. számú OEVK - Budapest IV. kerület",MEMO
79,SZŐNYI JÓZSEF,277,0.5,"ORSZÁGGYŰLÉSI KÉPVISELŐK VÁLASZTÁSABUDAPEST, 11. számú OEVK - Budapest IV. kerület",Normal party
80,BARKÓCZI BALÁZS,23397,45.11,"ORSZÁGGYŰLÉSI KÉPVISELŐK VÁLASZTÁSABUDAPEST, 12. számú OEVK - Budapest XV. kerület",Dialogue-coalition
81,DR. PINTÉR GÁBOR,21987,42.39,"ORSZÁGGYŰLÉSI KÉPVISELŐK VÁLASZTÁSABUDAPEST, 12. számú OEVK - Budapest XV. kerület",Fidesz/KDNP
82,TAKÁCS ANDRÁS,2559,4.93,"ORSZÁGGYŰLÉSI KÉPVISELŐK VÁLASZTÁSABUDAPEST, 12. számú OEVK - Budapest XV. kerület",Others
83,STEIMETZ ALEX,2282,4.4,"ORSZÁGGYŰLÉSI KÉPVISELŐK VÁLASZTÁSABUDAPEST, 12. számú OEVK - Budapest XV. kerület",MKKP
84,SZABÓ NORBERT ÁDÁM,1131,2.18,"ORSZÁGGYŰLÉSI KÉPVISELŐK VÁLASZTÁSABUDAPEST, 12. számú OEVK - Budapest XV. kerület",MEMO
85,HUSZÁR CLAUDIA,347,0.67,"ORSZÁGGYŰLÉSI KÉPVISELŐK VÁLASZTÁSABUDAPEST, 12. számú OEVK - Budapest XV. kerület",Normal party
86,GALLAI DÁVID,161,0.31,"ORSZÁGGYŰLÉSI KÉPVISELŐK VÁLASZTÁSABUDAPEST, 12. számú OEVK - Budapest XV. kerület",Others
87,VAJDA ZOLTÁN,25080,45.46,"ORSZÁGGYŰLÉSI KÉPVISELŐK VÁLASZTÁSABUDAPEST, 13. számú OEVK - Budapest XVI. kerület",Dialogue-coalition
88,SZATMÁRY KRISTÓF,24612,44.61,"ORSZÁGGYŰLÉSI KÉPVISELŐK VÁLASZTÁSABUDAPEST, 13. számú OEVK - Budapest XVI. kerület",Fidesz/KDNP
89,NAGYNÉ HOLLÓSI ÉVA,1833,3.32,"ORSZÁGGYŰLÉSI KÉPVISELŐK VÁLASZTÁSABUDAPEST, 13. számú OEVK - Budapest XVI. kerület",Others
90,BOJTI BENCE,1749,3.17,"ORSZÁGGYŰLÉSI KÉPVISELŐK VÁLASZTÁSABUDAPEST, 13. számú OEVK - Budapest XVI. kerület",MKKP
91,SCHAFFER VIKTOR,666,1.21,"ORSZÁGGYŰLÉSI KÉPVISELŐK VÁLASZTÁSABUDAPEST, 13. számú OEVK - Budapest XVI. kerület",Others
92,DR. STELLI-KIS SÁNDOR,610,1.11,"ORSZÁGGYŰLÉSI KÉPVISELŐK VÁLASZTÁSABUDAPEST, 13. számú OEVK - Budapest XVI. kerület",MEMO
93,DR. SZANYI TIBOR,393,0.71,"ORSZÁGGYŰLÉSI KÉPVISELŐK VÁLASZTÁSABUDAPEST, 13. számú OEVK - Budapest XVI. kerület",Others
94,DR. ZSIDRÓ LÁSZLÓ,229,0.42,"ORSZÁGGYŰLÉSI KÉPVISELŐK VÁLASZTÁSABUDAPEST, 13. számú OEVK - Budapest XVI. kerület",Normal party
95,DUNAI MÓNIKA,25114,44.66,"ORSZÁGGYŰLÉSI KÉPVISELŐK VÁLASZTÁSABUDAPEST, 14. számú OEVK - Budapest XVII. kerület",Fidesz/KDNP
96,SZILÁGYI GYÖRGY,24733,43.98,"ORSZÁGGYŰLÉSI KÉPVISELŐK VÁLASZTÁSABUDAPEST, 14. számú OEVK - Budapest XVII. kerület",Dialogue-coalition
97,FAZEKAS LÁSZLÓ,2875,5.11,"ORSZÁGGYŰLÉSI KÉPVISELŐK VÁLASZTÁSABUDAPEST, 14. számú OEVK - Budapest XVII. kerület",Others
98,SZIN RICHÁRD,2172,3.86,"ORSZÁGGYŰLÉSI KÉPVISELŐK VÁLASZTÁSABUDAPEST, 14. számú OEVK - Budapest XVII. kerület",MKKP
99,HAJMÁSI GERGELY,875,1.56,"ORSZÁGGYŰLÉSI KÉPVISELŐK VÁLASZTÁSABUDAPEST, 14. számú OEVK - Budapest XVII. kerület",MEMO
100,TOMASOVSZKI LÁSZLÓ,339,0.6,"ORSZÁGGYŰLÉSI KÉPVISELŐK VÁLASZTÁSABUDAPEST, 14. számú OEVK - Budapest XVII. kerület",Normal party
101,ZOLLAI ANDRÁS,132,0.23,"ORSZÁGGYŰLÉSI KÉPVISELŐK VÁLASZTÁSABUDAPEST, 14. számú OEVK - Budapest XVII. kerület",Others
102,KUNHALMI ÁGNES,25946,44.6,"ORSZÁGGYŰLÉSI KÉPVISELŐK VÁLASZTÁSABUDAPEST, 15. számú OEVK - Budapest XVIII. kerület",Dialogue-coalition
103,DR. LÉVAI ISTVÁN ZOLTÁN,25166,43.26,"ORSZÁGGYŰLÉSI KÉPVISELŐK VÁLASZTÁSABUDAPEST, 15. számú OEVK - Budapest XVIII. kerület",Fidesz/KDNP
104,ÁRVAI CSABA,2559,4.4,"ORSZÁGGYŰLÉSI KÉPVISELŐK VÁLASZTÁSABUDAPEST, 15. számú OEVK - Budapest XVIII. kerület",Others
105,SZOKOR MÁRTON,1860,3.2,"ORSZÁGGYŰLÉSI KÉPVISELŐK VÁLASZTÁSABUDAPEST, 15. számú OEVK - Budapest XVIII. kerület",MKKP
106,JUHÁSZ ISTVÁN,1678,2.88,"ORSZÁGGYŰLÉSI KÉPVISELŐK VÁLASZTÁSABUDAPEST, 15. számú OEVK - Budapest XVIII. kerület",Others
107,TABI TÜNDE,679,1.17,"ORSZÁGGYŰLÉSI KÉPVISELŐK VÁLASZTÁSABUDAPEST, 15. számú OEVK - Budapest XVIII. kerület",MEMO
108,SINKA ZOLTÁNNÉ,291,0.5,"ORSZÁGGYŰLÉSI KÉPVISELŐK VÁLASZTÁSABUDAPEST, 15. számú OEVK - Budapest XVIII. kerület",Normal party
109,RAFAEL FERENC,0,0.0,"ORSZÁGGYŰLÉSI KÉPVISELŐK VÁLASZTÁSABUDAPEST, 15. számú OEVK - Budapest XVIII. kerület",Others
110,DR. HILLER ISTVÁN,22856,46.35,"ORSZÁGGYŰLÉSI KÉPVISELŐK VÁLASZTÁSABUDAPEST, 16. számú OEVK - Budapest XX. kerület",Dialogue-coalition
111,FÖLDESI GYULA,20880,42.34,"ORSZÁGGYŰLÉSI KÉPVISELŐK VÁLASZTÁSABUDAPEST, 16. számú OEVK - Budapest XX. kerület",Fidesz/KDNP
112,HRIVNÁK PÁL,2410,4.89,"ORSZÁGGYŰLÉSI KÉPVISELŐK VÁLASZTÁSABUDAPEST, 16. számú OEVK - Budapest XX. kerület",Others
113,SZENTESI SZABOLCS,2039,4.13,"ORSZÁGGYŰLÉSI KÉPVISELŐK VÁLASZTÁSABUDAPEST, 16. számú OEVK - Budapest XX. kerület",MKKP
114,HORVÁTH ELEMÉR,629,1.28,"ORSZÁGGYŰLÉSI KÉPVISELŐK VÁLASZTÁSABUDAPEST, 16. számú OEVK - Budapest XX. kerület",MEMO
115,GARAI VERONIKA,367,0.74,"ORSZÁGGYŰLÉSI KÉPVISELŐK VÁLASZTÁSABUDAPEST, 16. számú OEVK - Budapest XX. kerület",Normal party
116,SZÉKELY SÁNDOR,133,0.27,"ORSZÁGGYŰLÉSI KÉPVISELŐK VÁLASZTÁSABUDAPEST, 16. számú OEVK - Budapest XX. kerület",Others
117,DR. SZABÓ SZABOLCS,24595,46.49,"ORSZÁGGYŰLÉSI KÉPVISELŐK VÁLASZTÁSABUDAPEST, 17. számú OEVK - Budapest XXI. kerület",Dialogue-coalition
118,NÉMETH SZILÁRD ISTVÁN,22055,41.69,"ORSZÁGGYŰLÉSI KÉPVISELŐK VÁLASZTÁSABUDAPEST, 17. számú OEVK - Budapest XXI. kerület",Fidesz/KDNP
119,KOVÁCS ATTILA,3035,5.74,"ORSZÁGGYŰLÉSI KÉPVISELŐK VÁLASZTÁSABUDAPEST, 17. számú OEVK - Budapest XXI. kerület",Others
120,CSIZMADIA CSEKE,1787,3.38,"ORSZÁGGYŰLÉSI KÉPVISELŐK VÁLASZTÁSABUDAPEST, 17. számú OEVK - Budapest XXI. kerület",MKKP
121,KOLLER SÁNDOR,905,1.71,"ORSZÁGGYŰLÉSI KÉPVISELŐK VÁLASZTÁSABUDAPEST, 17. számú OEVK - Budapest XXI. kerület",MEMO
122,JÁRÓ ARNOLDNÉ,291,0.55,"ORSZÁGGYŰLÉSI KÉPVISELŐK VÁLASZTÁSABUDAPEST, 17. számú OEVK - Budapest XXI. kerület",Normal party
123,PÁL ÉVA,238,0.45,"ORSZÁGGYŰLÉSI KÉPVISELŐK VÁLASZTÁSABUDAPEST, 17. számú OEVK - Budapest XXI. kerület",Others
124,TÓTH ENDRE,28964,48.47,"ORSZÁGGYŰLÉSI KÉPVISELŐK VÁLASZTÁSABUDAPEST, 18. számú OEVK - Budapest XXII. kerület",Dialogue-coalition
125,NÉMETH ZSOLT,25120,42.03,"ORSZÁGGYŰLÉSI KÉPVISELŐK VÁLASZTÁSABUDAPEST, 18. számú OEVK - Budapest XXII. kerület",Fidesz/KDNP
126,ESZE TAMÁS,2531,4.24,"ORSZÁGGYŰLÉSI KÉPVISELŐK VÁLASZTÁSABUDAPEST, 18. számú OEVK - Budapest XXII. kerület",Others
127,OZSVÁT ATTILA,2019,3.38,"ORSZÁGGYŰLÉSI KÉPVISELŐK VÁLASZTÁSABUDAPEST, 18. számú OEVK - Budapest XXII. kerület",MKKP
128,PAPP ZOLTÁN,613,1.03,"ORSZÁGGYŰLÉSI KÉPVISELŐK VÁLASZTÁSABUDAPEST, 18. számú OEVK - Budapest XXII. kerület",MEMO
129,SZABÓ GÁBOR DÁNIEL,425,0.71,"ORSZÁGGYŰLÉSI KÉPVISELŐK VÁLASZTÁSABUDAPEST, 18. számú OEVK - Budapest XXII. kerület",Normal party
130,SCHLENK RICHÁRD,89,0.15,"ORSZÁGGYŰLÉSI KÉPVISELŐK VÁLASZTÁSABUDAPEST, 18. számú OEVK - Budapest XXII. kerület",Others
131,DR. SALACZ LÁSZLÓ,27420,59.02,"ORSZÁGGYŰLÉSI KÉPVISELŐK VÁLASZTÁSABÁCS-KISKUN, 01. számú OEVK - Kecskemét",Fidesz/KDNP
132,SZŐKÉNÉ KOPPING RITA,13464,28.98,"ORSZÁGGYŰLÉSI KÉPVISELŐK VÁLASZTÁSABÁCS-KISKUN, 01. számú OEVK - Kecskemét",Dialogue-coalition
133,ERŐS ERZSÉBET,3425,7.37,"ORSZÁGGYŰLÉSI KÉPVISELŐK VÁLASZTÁSABÁCS-KISKUN, 01. számú OEVK - Kecskemét",Others
134,KORDIK SZABOLCS,1691,3.64,"ORSZÁGGYŰLÉSI KÉPVISELŐK VÁLASZTÁSABÁCS-KISKUN, 01. számú OEVK - Kecskemét",MKKP
135,ÁBRAHÁM ATTILÁNÉ,462,0.99,"ORSZÁGGYŰLÉSI KÉPVISELŐK VÁLASZTÁSABÁCS-KISKUN, 01. számú OEVK - Kecskemét",Normal party
136,VARGA LÁSZLÓ,0,0.0,"ORSZÁGGYŰLÉSI KÉPVISELŐK VÁLASZTÁSABÁCS-KISKUN, 01. számú OEVK - Kecskemét",MEMO
137,RICZU NORBERT,0,0.0,"ORSZÁGGYŰLÉSI KÉPVISELŐK VÁLASZTÁSABÁCS-KISKUN, 01. számú OEVK - Kecskemét",Others
138,DR. SZEBERÉNYI GYULA TAMÁS,26606,53.0,"ORSZÁGGYŰLÉSI KÉPVISELŐK VÁLASZTÁSABÁCS-KISKUN, 02. számú OEVK - Kecskemét",Fidesz/KDNP
139,BODROZSÁN ALEXANDRA,17208,34.28,"ORSZÁGGYŰLÉSI KÉPVISELŐK VÁLASZTÁSABÁCS-KISKUN, 02. számú OEVK - Kecskemét",Dialogue-coalition
140,FARAGÓ DÁNIEL,3512,7.0,"ORSZÁGGYŰLÉSI KÉPVISELŐK VÁLASZTÁSABÁCS-KISKUN, 02. számú OEVK - Kecskemét",Others
141,KARIKÓ ÁGNES,2274,4.53,"ORSZÁGGYŰLÉSI KÉPVISELŐK VÁLASZTÁSABÁCS-KISKUN, 02. számú OEVK - Kecskemét",MKKP
142,SÁNTA LÁSZLÓ,597,1.19,"ORSZÁGGYŰLÉSI KÉPVISELŐK VÁLASZTÁSABÁCS-KISKUN, 02. számú OEVK - Kecskemét",Normal party
143,SOMODI KÁROLY,0,0.0,"ORSZÁGGYŰLÉSI KÉPVISELŐK VÁLASZTÁSABÁCS-KISKUN, 02. számú OEVK - Kecskemét",MEMO
144,FONT SÁNDOR,26592,59.7,"ORSZÁGGYŰLÉSI KÉPVISELŐK VÁLASZTÁSABÁCS-KISKUN, 03. számú OEVK - Kalocsa",Fidesz/KDNP
145,DR. MAGÓNÉ TÓTH GYÖNGYI MÁRIA,13464,30.23,"ORSZÁGGYŰLÉSI KÉPVISELŐK VÁLASZTÁSABÁCS-KISKUN, 03. számú OEVK - Kalocsa",Dialogue-coalition
146,SZABÓ PATRIK,2778,6.24,"ORSZÁGGYŰLÉSI KÉPVISELŐK VÁLASZTÁSABÁCS-KISKUN, 03. számú OEVK - Kalocsa",Others
147,DR. KUDRON-TONIGOLD NÁNDOR,1311,2.94,"ORSZÁGGYŰLÉSI KÉPVISELŐK VÁLASZTÁSABÁCS-KISKUN, 03. számú OEVK - Kalocsa",MEMO
148,TARA LAJOS,395,0.89,"ORSZÁGGYŰLÉSI KÉPVISELŐK VÁLASZTÁSABÁCS-KISKUN, 03. számú OEVK - Kalocsa",Normal party
149,NAGY SZABINA,0,0.0,"ORSZÁGGYŰLÉSI KÉPVISELŐK VÁLASZTÁSABÁCS-KISKUN, 03. számú OEVK - Kalocsa",MKKP
150,LEZSÁK SÁNDOR,29835,62.97,"ORSZÁGGYŰLÉSI KÉPVISELŐK VÁLASZTÁSABÁCS-KISKUN, 04. számú OEVK - Kiskunfélegyháza",Fidesz/KDNP
151,KIS-SZENICZEY KÁLMÁN,11727,24.75,"ORSZÁGGYŰLÉSI KÉPVISELŐK VÁLASZTÁSABÁCS-KISKUN, 04. számú OEVK - Kiskunfélegyháza",Dialogue-coalition
152,BALDE GYULA,3427,7.23,"ORSZÁGGYŰLÉSI KÉPVISELŐK VÁLASZTÁSABÁCS-KISKUN, 04. számú OEVK - Kiskunfélegyháza",Others
153,FARKAS BENCE,1529,3.23,"ORSZÁGGYŰLÉSI KÉPVISELŐK VÁLASZTÁSABÁCS-KISKUN, 04. számú OEVK - Kiskunfélegyháza",MKKP
154,KONCZ DÓRA,864,1.82,"ORSZÁGGYŰLÉSI KÉPVISELŐK VÁLASZTÁSABÁCS-KISKUN, 04. számú OEVK - Kiskunfélegyháza",MEMO
155,DR. AZÚR MAGDOLNA,0,0.0,"ORSZÁGGYŰLÉSI KÉPVISELŐK VÁLASZTÁSABÁCS-KISKUN, 04. számú OEVK - Kiskunfélegyháza",Others
156,BALÁZS GYULA,0,0.0,"ORSZÁGGYŰLÉSI KÉPVISELŐK VÁLASZTÁSABÁCS-KISKUN, 04. számú OEVK - Kiskunfélegyháza",Others
157,TARR ERIKA,0,0.0,"ORSZÁGGYŰLÉSI KÉPVISELŐK VÁLASZTÁSABÁCS-KISKUN, 04. számú OEVK - Kiskunfélegyháza",Others
158,NORMÁLIS PÁRT,0,0.0,"ORSZÁGGYŰLÉSI KÉPVISELŐK VÁLASZTÁSABÁCS-KISKUN, 04. számú OEVK - Kiskunfélegyháza",Others
159,BÁNYAI GÁBOR,25763,60.16,"ORSZÁGGYŰLÉSI KÉPVISELŐK VÁLASZTÁSABÁCS-KISKUN, 05. számú OEVK - Kiskunhalas",Fidesz/KDNP
160,MOLNÁR LÁSZLÓ,12218,28.53,"ORSZÁGGYŰLÉSI KÉPVISELŐK VÁLASZTÁSABÁCS-KISKUN, 05. számú OEVK - Kiskunhalas",Dialogue-coalition
161,SZABADI ISTVÁN,4205,9.82,"ORSZÁGGYŰLÉSI KÉPVISELŐK VÁLASZTÁSABÁCS-KISKUN, 05. számú OEVK - Kiskunhalas",Others
162,FEHÉRVÁRI DÓRA,641,1.5,"ORSZÁGGYŰLÉSI KÉPVISELŐK VÁLASZTÁSABÁCS-KISKUN, 05. számú OEVK - Kiskunhalas",MEMO
163,BÖRCSÖK BÁLINT,0,0.0,"ORSZÁGGYŰLÉSI KÉPVISELŐK VÁLASZTÁSABÁCS-KISKUN, 05. számú OEVK - Kiskunhalas",MKKP
164,RÉKASI MIHÁLY,0,0.0,"ORSZÁGGYŰLÉSI KÉPVISELŐK VÁLASZTÁSABÁCS-KISKUN, 05. számú OEVK - Kiskunhalas",Normal party
165,CZUPOR ATTILA LÁSZLÓ,0,0.0,"ORSZÁGGYŰLÉSI KÉPVISELŐK VÁLASZTÁSABÁCS-KISKUN, 05. számú OEVK - Kiskunhalas",Others
166,ZSIGÓ RÓBERT,23976,57.26,"ORSZÁGGYŰLÉSI KÉPVISELŐK VÁLASZTÁSABÁCS-KISKUN, 06. számú OEVK - Baja",Fidesz/KDNP
167,KISS LÁSZLÓ,13697,32.71,"ORSZÁGGYŰLÉSI KÉPVISELŐK VÁLASZTÁSABÁCS-KISKUN, 06. számú OEVK - Baja",Dialogue-coalition
168,ÉBERLING BALÁZS,3017,7.21,"ORSZÁGGYŰLÉSI KÉPVISELŐK VÁLASZTÁSABÁCS-KISKUN, 06. számú OEVK - Baja",Others
169,GARAMI ARTÚR,827,1.98,"ORSZÁGGYŰLÉSI KÉPVISELŐK VÁLASZTÁSABÁCS-KISKUN, 06. számú OEVK - Baja",MKKP
170,ALMÁSI TERÉZIA,354,0.85,"ORSZÁGGYŰLÉSI KÉPVISELŐK VÁLASZTÁSABÁCS-KISKUN, 06. számú OEVK - Baja",MEMO
171,BEREKAI JUDIT,0,0.0,"ORSZÁGGYŰLÉSI KÉPVISELŐK VÁLASZTÁSABÁCS-KISKUN, 06. számú OEVK - Baja",Others
172,GYURIN MÁRK,0,0.0,"ORSZÁGGYŰLÉSI KÉPVISELŐK VÁLASZTÁSABÁCS-KISKUN, 06. számú OEVK - Baja",Normal party
173,DR. MELLÁR TAMÁS,22710,44.01,"ORSZÁGGYŰLÉSI KÉPVISELŐK VÁLASZTÁSABARANYA, 01. számú OEVK - Pécs",Dialogue-coalition
174,KŐVÁRI JÁNOS,21557,41.78,"ORSZÁGGYŰLÉSI KÉPVISELŐK VÁLASZTÁSABARANYA, 01. számú OEVK - Pécs",Fidesz/KDNP
175,VARGA TAMÁS,2779,5.39,"ORSZÁGGYŰLÉSI KÉPVISELŐK VÁLASZTÁSABARANYA, 01. számú OEVK - Pécs",Others
176,NAGY RICHÁRD,2103,4.08,"ORSZÁGGYŰLÉSI KÉPVISELŐK VÁLASZTÁSABARANYA, 01. számú OEVK - Pécs",MKKP
177,BOGNÁR SZILVIA,1521,2.95,"ORSZÁGGYŰLÉSI KÉPVISELŐK VÁLASZTÁSABARANYA, 01. számú OEVK - Pécs",Others
178,PALKÓ ÁDÁM,422,0.82,"ORSZÁGGYŰLÉSI KÉPVISELŐK VÁLASZTÁSABARANYA, 01. számú OEVK - Pécs",MEMO
179,HIRTH JÓZSEF,391,0.76,"ORSZÁGGYŰLÉSI KÉPVISELŐK VÁLASZTÁSABARANYA, 01. számú OEVK - Pécs",Normal party
180,SUGÁR GYÖRGY,114,0.22,"ORSZÁGGYŰLÉSI KÉPVISELŐK VÁLASZTÁSABARANYA, 01. számú OEVK - Pécs",Others
181,BUDAI RICHÁRD,0,0.0,"ORSZÁGGYŰLÉSI KÉPVISELŐK VÁLASZTÁSABARANYA, 01. számú OEVK - Pécs",Others
182,BÉKÉSI SÁNDOR,0,0.0,"ORSZÁGGYŰLÉSI KÉPVISELŐK VÁLASZTÁSABARANYA, 01. számú OEVK - Pécs",Others
183,KOVÁCS LÁSZLÓ,0,0.0,"ORSZÁGGYŰLÉSI KÉPVISELŐK VÁLASZTÁSABARANYA, 01. számú OEVK - Pécs",Others
184,DR. HOPPÁL PÉTER,22898,44.41,"ORSZÁGGYŰLÉSI KÉPVISELŐK VÁLASZTÁSABARANYA, 02. számú OEVK - Pécs",Fidesz/KDNP
185,DR. SZAKÁCS LÁSZLÓ,21226,41.17,"ORSZÁGGYŰLÉSI KÉPVISELŐK VÁLASZTÁSABARANYA, 02. számú OEVK - Pécs",Dialogue-coalition
186,IPACS SÁNDOR,2829,5.49,"ORSZÁGGYŰLÉSI KÉPVISELŐK VÁLASZTÁSABARANYA, 02. számú OEVK - Pécs",Others
187,MARTOS CSONGOR,2099,4.07,"ORSZÁGGYŰLÉSI KÉPVISELŐK VÁLASZTÁSABARANYA, 02. számú OEVK - Pécs",MKKP
188,HENCSEI ZSOLT,837,1.62,"ORSZÁGGYŰLÉSI KÉPVISELŐK VÁLASZTÁSABARANYA, 02. számú OEVK - Pécs",Others
189,DR. JUHÁSZ GÁBOR,635,1.23,"ORSZÁGGYŰLÉSI KÉPVISELŐK VÁLASZTÁSABARANYA, 02. számú OEVK - Pécs",MEMO
190,ÁRVAINÉ BEHÁN ZSUZSANNA,543,1.05,"ORSZÁGGYŰLÉSI KÉPVISELŐK VÁLASZTÁSABARANYA, 02. számú OEVK - Pécs",Normal party
191,SZILÁGYI LÁSZLÓ CSABA,489,0.95,"ORSZÁGGYŰLÉSI KÉPVISELŐK VÁLASZTÁSABARANYA, 02. számú OEVK - Pécs",Others
192,CSONKA JÁNOS,0,0.0,"ORSZÁGGYŰLÉSI KÉPVISELŐK VÁLASZTÁSABARANYA, 02. számú OEVK - Pécs",Others
193,DR. HARGITAI JÁNOS,28172,60.44,"ORSZÁGGYŰLÉSI KÉPVISELŐK VÁLASZTÁSABARANYA, 03. számú OEVK - Mohács",Fidesz/KDNP
194,SCHWARCZ-KIEFER PATRIK,13954,29.94,"ORSZÁGGYŰLÉSI KÉPVISELŐK VÁLASZTÁSABARANYA, 03. számú OEVK - Mohács",Dialogue-coalition
195,BERNÁTH CSILLA,3448,7.4,"ORSZÁGGYŰLÉSI KÉPVISELŐK VÁLASZTÁSABARANYA, 03. számú OEVK - Mohács",Others
196,DÖBREI ISTVÁN,826,1.77,"ORSZÁGGYŰLÉSI KÉPVISELŐK VÁLASZTÁSABARANYA, 03. számú OEVK - Mohács",MEMO
197,KÓS ZOLTÁN,213,0.46,"ORSZÁGGYŰLÉSI KÉPVISELŐK VÁLASZTÁSABARANYA, 03. számú OEVK - Mohács",Others
198,KÓRÓDINÉ SÁRKÖZI RITA,0,0.0,"ORSZÁGGYŰLÉSI KÉPVISELŐK VÁLASZTÁSABARANYA, 03. számú OEVK - Mohács",Others
199,PINCEHELYI ZITA,0,0.0,"ORSZÁGGYŰLÉSI KÉPVISELŐK VÁLASZTÁSABARANYA, 03. számú OEVK - Mohács",MKKP
200,NORMÁLIS PÁRT,0,0.0,"ORSZÁGGYŰLÉSI KÉPVISELŐK VÁLASZTÁSABARANYA, 03. számú OEVK - Mohács",Others
201,NAGY CSABA,29403,61.08,"ORSZÁGGYŰLÉSI KÉPVISELŐK VÁLASZTÁSABARANYA, 04. számú OEVK - Szigetvár",Fidesz/KDNP
202,SZARKÁNDI LAJOSNÉ,13835,28.74,"ORSZÁGGYŰLÉSI KÉPVISELŐK VÁLASZTÁSABARANYA, 04. számú OEVK - Szigetvár",Dialogue-coalition
203,ÁCS JÓZSEF,2575,5.35,"ORSZÁGGYŰLÉSI KÉPVISELŐK VÁLASZTÁSABARANYA, 04. számú OEVK - Szigetvár",Others
204,MOLNÁR-FULMER GERGELY,1215,2.52,"ORSZÁGGYŰLÉSI KÉPVISELŐK VÁLASZTÁSABARANYA, 04. számú OEVK - Szigetvár",MKKP
205,KÁRPÁTI ZOLTÁN,760,1.58,"ORSZÁGGYŰLÉSI KÉPVISELŐK VÁLASZTÁSABARANYA, 04. számú OEVK - Szigetvár",Others
206,VIG AURÉL BENCE,352,0.73,"ORSZÁGGYŰLÉSI KÉPVISELŐK VÁLASZTÁSABARANYA, 04. számú OEVK - Szigetvár",MEMO
207,GÁL JÓZSEF,0,0.0,"ORSZÁGGYŰLÉSI KÉPVISELŐK VÁLASZTÁSABARANYA, 04. számú OEVK - Szigetvár",Others
208,MARTON FERENCNÉ,0,0.0,"ORSZÁGGYŰLÉSI KÉPVISELŐK VÁLASZTÁSABARANYA, 04. számú OEVK - Szigetvár",Others
209,PÖTTENDI JÁNOS,0,0.0,"ORSZÁGGYŰLÉSI KÉPVISELŐK VÁLASZTÁSABARANYA, 04. számú OEVK - Szigetvár",Others
210,NORMÁLIS PÁRT,0,0.0,"ORSZÁGGYŰLÉSI KÉPVISELŐK VÁLASZTÁSABARANYA, 04. számú OEVK - Szigetvár",Others
211,HERCZEG TAMÁS,22920,48.27,"ORSZÁGGYŰLÉSI KÉPVISELŐK VÁLASZTÁSABÉKÉS, 01. számú OEVK - Békéscsaba",Fidesz/KDNP
212,STUMMER JÁNOS,19019,40.05,"ORSZÁGGYŰLÉSI KÉPVISELŐK VÁLASZTÁSABÉKÉS, 01. számú OEVK - Békéscsaba",Dialogue-coalition
213,GYEBNÁR DÁVID,3167,6.67,"ORSZÁGGYŰLÉSI KÉPVISELŐK VÁLASZTÁSABÉKÉS, 01. számú OEVK - Békéscsaba",Others
214,DEBRECZENI GERGŐ,1142,2.4,"ORSZÁGGYŰLÉSI KÉPVISELŐK VÁLASZTÁSABÉKÉS, 01. számú OEVK - Békéscsaba",MKKP
215,SZEGEDI ÉVA,436,0.92,"ORSZÁGGYŰLÉSI KÉPVISELŐK VÁLASZTÁSABÉKÉS, 01. számú OEVK - Békéscsaba",MEMO
216,SZEKERCZÉS ANDRÁS,391,0.82,"ORSZÁGGYŰLÉSI KÉPVISELŐK VÁLASZTÁSABÉKÉS, 01. számú OEVK - Békéscsaba",Normal party
217,CSURÁR IBOLYA,154,0.32,"ORSZÁGGYŰLÉSI KÉPVISELŐK VÁLASZTÁSABÉKÉS, 01. számú OEVK - Békéscsaba",Others
218,FARAGÓ ANETT,113,0.24,"ORSZÁGGYŰLÉSI KÉPVISELŐK VÁLASZTÁSABÉKÉS, 01. számú OEVK - Békéscsaba",Others
219,FARAGÓ BETTI,87,0.18,"ORSZÁGGYŰLÉSI KÉPVISELŐK VÁLASZTÁSABÉKÉS, 01. számú OEVK - Békéscsaba",Others
220,FARAGÓ GERGELY,38,0.08,"ORSZÁGGYŰLÉSI KÉPVISELŐK VÁLASZTÁSABÉKÉS, 01. számú OEVK - Békéscsaba",Others
221,FARAGÓ LAJOS GERGELY,20,0.04,"ORSZÁGGYŰLÉSI KÉPVISELŐK VÁLASZTÁSABÉKÉS, 01. számú OEVK - Békéscsaba",Others
222,NAGY ZSOLT,0,0.0,"ORSZÁGGYŰLÉSI KÉPVISELŐK VÁLASZTÁSABÉKÉS, 01. számú OEVK - Békéscsaba",Others
223,DANKÓ BÉLA,25716,57.71,"ORSZÁGGYŰLÉSI KÉPVISELŐK VÁLASZTÁSABÉKÉS, 02. számú OEVK - Békés",Fidesz/KDNP
224,DR. KONDÉ GÁBOR,13086,29.37,"ORSZÁGGYŰLÉSI KÉPVISELŐK VÁLASZTÁSABÉKÉS, 02. számú OEVK - Békés",Dialogue-coalition
225,FÖLDESI MIHÁLY,3873,8.69,"ORSZÁGGYŰLÉSI KÉPVISELŐK VÁLASZTÁSABÉKÉS, 02. számú OEVK - Békés",Others
226,PAPP ÁKOS,1090,2.45,"ORSZÁGGYŰLÉSI KÉPVISELŐK VÁLASZTÁSABÉKÉS, 02. számú OEVK - Békés",MKKP
227,TAKÁCS ÁDÁM,462,1.04,"ORSZÁGGYŰLÉSI KÉPVISELŐK VÁLASZTÁSABÉKÉS, 02. számú OEVK - Békés",MEMO
228,BÓDIZS ISTVÁN,331,0.74,"ORSZÁGGYŰLÉSI KÉPVISELŐK VÁLASZTÁSABÉKÉS, 02. számú OEVK - Békés",Normal party
229,DR. KOVÁCS JÓZSEF,24623,55.76,"ORSZÁGGYŰLÉSI KÉPVISELŐK VÁLASZTÁSABÉKÉS, 03. számú OEVK - Gyula",Fidesz/KDNP
230,LEEL-ŐSSY GÁBOR,14982,33.93,"ORSZÁGGYŰLÉSI KÉPVISELŐK VÁLASZTÁSABÉKÉS, 03. számú OEVK - Gyula",Dialogue-coalition
231,VIDÓ ATTILA,2784,6.3,"ORSZÁGGYŰLÉSI KÉPVISELŐK VÁLASZTÁSABÉKÉS, 03. számú OEVK - Gyula",Others
232,MOLNÁR CSANÁD,828,1.88,"ORSZÁGGYŰLÉSI KÉPVISELŐK VÁLASZTÁSABÉKÉS, 03. számú OEVK - Gyula",MKKP
233,DR. POMUCZNÉ NAGY ILDIKÓ ANNA,541,1.23,"ORSZÁGGYŰLÉSI KÉPVISELŐK VÁLASZTÁSABÉKÉS, 03. számú OEVK - Gyula",MEMO
234,BÓDIZS-DARVASI DZSENIFER,236,0.53,"ORSZÁGGYŰLÉSI KÉPVISELŐK VÁLASZTÁSABÉKÉS, 03. számú OEVK - Gyula",Normal party
235,UJJ GYÖRGY IMRE,163,0.37,"ORSZÁGGYŰLÉSI KÉPVISELŐK VÁLASZTÁSABÉKÉS, 03. számú OEVK - Gyula",Others
236,ERDŐS NORBERT,22379,49.82,"ORSZÁGGYŰLÉSI KÉPVISELŐK VÁLASZTÁSABÉKÉS, 04. számú OEVK - Orosháza",Fidesz/KDNP
237,DR. SZABÓ ERVIN,17821,39.67,"ORSZÁGGYŰLÉSI KÉPVISELŐK VÁLASZTÁSABÉKÉS, 04. számú OEVK - Orosháza",Dialogue-coalition
238,SCHULTZ GÁBOR,2631,5.86,"ORSZÁGGYŰLÉSI KÉPVISELŐK VÁLASZTÁSABÉKÉS, 04. számú OEVK - Orosháza",Others
239,BÓDAI DÁVID,915,2.04,"ORSZÁGGYŰLÉSI KÉPVISELŐK VÁLASZTÁSABÉKÉS, 04. számú OEVK - Orosháza",MKKP
240,BOROS CSABA,619,1.38,"ORSZÁGGYŰLÉSI KÉPVISELŐK VÁLASZTÁSABÉKÉS, 04. számú OEVK - Orosháza",Others
241,HAVASI GYULA,214,0.48,"ORSZÁGGYŰLÉSI KÉPVISELŐK VÁLASZTÁSABÉKÉS, 04. számú OEVK - Orosháza",Normal party
242,SZABÓ GYÖRGY,200,0.45,"ORSZÁGGYŰLÉSI KÉPVISELŐK VÁLASZTÁSABÉKÉS, 04. számú OEVK - Orosháza",MEMO
243,GÁL FERENC,144,0.32,"ORSZÁGGYŰLÉSI KÉPVISELŐK VÁLASZTÁSABÉKÉS, 04. számú OEVK - Orosháza",Others
244,CSÖBÖR KATALIN,22978,46.5,"ORSZÁGGYŰLÉSI KÉPVISELŐK VÁLASZTÁSABORSOD-ABAÚJ-ZEMPLÉN, 01. számú OEVK - Miskolc",Fidesz/KDNP
245,SZILÁGYI SZABOLCS,20442,41.37,"ORSZÁGGYŰLÉSI KÉPVISELŐK VÁLASZTÁSABORSOD-ABAÚJ-ZEMPLÉN, 01. számú OEVK - Miskolc",Dialogue-coalition
246,DUZSIK ISTVÁN,3266,6.61,"ORSZÁGGYŰLÉSI KÉPVISELŐK VÁLASZTÁSABORSOD-ABAÚJ-ZEMPLÉN, 01. számú OEVK - Miskolc",Others
247,PÁSTI GABRIELLA,1289,2.61,"ORSZÁGGYŰLÉSI KÉPVISELŐK VÁLASZTÁSABORSOD-ABAÚJ-ZEMPLÉN, 01. számú OEVK - Miskolc",MKKP
248,HALMI BENCE ISTVÁN,1016,2.06,"ORSZÁGGYŰLÉSI KÉPVISELŐK VÁLASZTÁSABORSOD-ABAÚJ-ZEMPLÉN, 01. számú OEVK - Miskolc",MEMO
249,LOUKOTA ZOLTÁNNÉ,296,0.6,"ORSZÁGGYŰLÉSI KÉPVISELŐK VÁLASZTÁSABORSOD-ABAÚJ-ZEMPLÉN, 01. számú OEVK - Miskolc",Normal party
250,KILIÁN BÉLA,129,0.26,"ORSZÁGGYŰLÉSI KÉPVISELŐK VÁLASZTÁSABORSOD-ABAÚJ-ZEMPLÉN, 01. számú OEVK - Miskolc",Others
251,LAKATOS GUSZTÁV,0,0.0,"ORSZÁGGYŰLÉSI KÉPVISELŐK VÁLASZTÁSABORSOD-ABAÚJ-ZEMPLÉN, 01. számú OEVK - Miskolc",Others
252,LŐRINCZI ZITA,0,0.0,"ORSZÁGGYŰLÉSI KÉPVISELŐK VÁLASZTÁSABORSOD-ABAÚJ-ZEMPLÉN, 01. számú OEVK - Miskolc",Others
253,JÓNÁS BÉLA,0,0.0,"ORSZÁGGYŰLÉSI KÉPVISELŐK VÁLASZTÁSABORSOD-ABAÚJ-ZEMPLÉN, 01. számú OEVK - Miskolc",Others
254,NORMÁLIS PÁRT,0,0.0,"ORSZÁGGYŰLÉSI KÉPVISELŐK VÁLASZTÁSABORSOD-ABAÚJ-ZEMPLÉN, 01. számú OEVK - Miskolc",Others
255,DR. KISS JÁNOS,20602,43.85,"ORSZÁGGYŰLÉSI KÉPVISELŐK VÁLASZTÁSABORSOD-ABAÚJ-ZEMPLÉN, 02. számú OEVK - Miskolc",Fidesz/KDNP
256,DR. VARGA LÁSZLÓ,20110,42.8,"ORSZÁGGYŰLÉSI KÉPVISELŐK VÁLASZTÁSABORSOD-ABAÚJ-ZEMPLÉN, 02. számú OEVK - Miskolc",Dialogue-coalition
257,PAKUSZA ZOLTÁN,3977,8.46,"ORSZÁGGYŰLÉSI KÉPVISELŐK VÁLASZTÁSABORSOD-ABAÚJ-ZEMPLÉN, 02. számú OEVK - Miskolc",Others
258,KISS GÁBOR,1278,2.72,"ORSZÁGGYŰLÉSI KÉPVISELŐK VÁLASZTÁSABORSOD-ABAÚJ-ZEMPLÉN, 02. számú OEVK - Miskolc",MKKP
259,SIMKÓ ISTVÁN TAMÁS,551,1.17,"ORSZÁGGYŰLÉSI KÉPVISELŐK VÁLASZTÁSABORSOD-ABAÚJ-ZEMPLÉN, 02. számú OEVK - Miskolc",MEMO
260,SZEKERES ANITA,309,0.66,"ORSZÁGGYŰLÉSI KÉPVISELŐK VÁLASZTÁSABORSOD-ABAÚJ-ZEMPLÉN, 02. számú OEVK - Miskolc",Normal party
261,FÜLÖP JÓZSEF ISTVÁNNÉ,157,0.33,"ORSZÁGGYŰLÉSI KÉPVISELŐK VÁLASZTÁSABORSOD-ABAÚJ-ZEMPLÉN, 02. számú OEVK - Miskolc",Others
262,MEMO,0,0.0,"ORSZÁGGYŰLÉSI KÉPVISELŐK VÁLASZTÁSABORSOD-ABAÚJ-ZEMPLÉN, 02. számú OEVK - Miskolc",Others
263,független,0,0.0,"ORSZÁGGYŰLÉSI KÉPVISELŐK VÁLASZTÁSABORSOD-ABAÚJ-ZEMPLÉN, 02. számú OEVK - Miskolc",Others
264,RIZ GÁBOR,23686,58.93,"ORSZÁGGYŰLÉSI KÉPVISELŐK VÁLASZTÁSABORSOD-ABAÚJ-ZEMPLÉN, 03. számú OEVK - Ózd",Fidesz/KDNP
265,KISS SÁNDOR,10884,27.08,"ORSZÁGGYŰLÉSI KÉPVISELŐK VÁLASZTÁSABORSOD-ABAÚJ-ZEMPLÉN, 03. számú OEVK - Ózd",Dialogue-coalition
266,SZARVAS GÁBOR,2389,5.94,"ORSZÁGGYŰLÉSI KÉPVISELŐK VÁLASZTÁSABORSOD-ABAÚJ-ZEMPLÉN, 03. számú OEVK - Ózd",Others
267,VILCSEK ERNŐ,2121,5.28,"ORSZÁGGYŰLÉSI KÉPVISELŐK VÁLASZTÁSABORSOD-ABAÚJ-ZEMPLÉN, 03. számú OEVK - Ózd",Others
268,GYURGYÁK TAMÁS,548,1.36,"ORSZÁGGYŰLÉSI KÉPVISELŐK VÁLASZTÁSABORSOD-ABAÚJ-ZEMPLÉN, 03. számú OEVK - Ózd",MKKP
269,LENKÓ ORSOLYA,222,0.55,"ORSZÁGGYŰLÉSI KÉPVISELŐK VÁLASZTÁSABORSOD-ABAÚJ-ZEMPLÉN, 03. számú OEVK - Ózd",MEMO
270,ZSIDEK ISTVÁN BENCE,177,0.44,"ORSZÁGGYŰLÉSI KÉPVISELŐK VÁLASZTÁSABORSOD-ABAÚJ-ZEMPLÉN, 03. számú OEVK - Ózd",Normal party
271,PAP FERENC,167,0.42,"ORSZÁGGYŰLÉSI KÉPVISELŐK VÁLASZTÁSABORSOD-ABAÚJ-ZEMPLÉN, 03. számú OEVK - Ózd",Others
272,BARI ZOLTÁNNÉ,0,0.0,"ORSZÁGGYŰLÉSI KÉPVISELŐK VÁLASZTÁSABORSOD-ABAÚJ-ZEMPLÉN, 03. számú OEVK - Ózd",Others
273,DÁNIEL ANNA KRISZTINA,0,0.0,"ORSZÁGGYŰLÉSI KÉPVISELŐK VÁLASZTÁSABORSOD-ABAÚJ-ZEMPLÉN, 03. számú OEVK - Ózd",Others
274,LÁZI ATTILA,0,0.0,"ORSZÁGGYŰLÉSI KÉPVISELŐK VÁLASZTÁSABORSOD-ABAÚJ-ZEMPLÉN, 03. számú OEVK - Ózd",Others
275,DEMETER ZOLTÁN,24636,54.39,"ORSZÁGGYŰLÉSI KÉPVISELŐK VÁLASZTÁSABORSOD-ABAÚJ-ZEMPLÉN, 04. számú OEVK - Kazincbarcika",Fidesz/KDNP
276,ÜVEGES GÁBOR,15648,34.55,"ORSZÁGGYŰLÉSI KÉPVISELŐK VÁLASZTÁSABORSOD-ABAÚJ-ZEMPLÉN, 04. számú OEVK - Kazincbarcika",Dialogue-coalition
277,DR. FISZTER ZSUZSANNA,3276,7.23,"ORSZÁGGYŰLÉSI KÉPVISELŐK VÁLASZTÁSABORSOD-ABAÚJ-ZEMPLÉN, 04. számú OEVK - Kazincbarcika",Others
278,GALÁN MÁTÉ,856,1.89,"ORSZÁGGYŰLÉSI KÉPVISELŐK VÁLASZTÁSABORSOD-ABAÚJ-ZEMPLÉN, 04. számú OEVK - Kazincbarcika",MKKP
279,ENDRE LÁSZLÓ ANDRÁS,256,0.57,"ORSZÁGGYŰLÉSI KÉPVISELŐK VÁLASZTÁSABORSOD-ABAÚJ-ZEMPLÉN, 04. számú OEVK - Kazincbarcika",MEMO
280,PETŐ KRISZTIÁN,252,0.56,"ORSZÁGGYŰLÉSI KÉPVISELŐK VÁLASZTÁSABORSOD-ABAÚJ-ZEMPLÉN, 04. számú OEVK - Kazincbarcika",Normal party
281,SZÁNTÓ SZABOLCS,208,0.46,"ORSZÁGGYŰLÉSI KÉPVISELŐK VÁLASZTÁSABORSOD-ABAÚJ-ZEMPLÉN, 04. számú OEVK - Kazincbarcika",Others
282,MENYHÉRT ROLAND,92,0.2,"ORSZÁGGYŰLÉSI KÉPVISELŐK VÁLASZTÁSABORSOD-ABAÚJ-ZEMPLÉN, 04. számú OEVK - Kazincbarcika",Others
283,KÓTAI GYULA,69,0.15,"ORSZÁGGYŰLÉSI KÉPVISELŐK VÁLASZTÁSABORSOD-ABAÚJ-ZEMPLÉN, 04. számú OEVK - Kazincbarcika",Others
284,DR. HÖRCSIK RICHÁRD,27335,60.6,"ORSZÁGGYŰLÉSI KÉPVISELŐK VÁLASZTÁSABORSOD-ABAÚJ-ZEMPLÉN, 05. számú OEVK - Sátoraljaújhely",Fidesz/KDNP
285,ERDEI SÁNDOR ZSOLT,13526,29.99,"ORSZÁGGYŰLÉSI KÉPVISELŐK VÁLASZTÁSABORSOD-ABAÚJ-ZEMPLÉN, 05. számú OEVK - Sátoraljaújhely",Dialogue-coalition
286,PASZTORNICZKY ISTVÁN,2614,5.8,"ORSZÁGGYŰLÉSI KÉPVISELŐK VÁLASZTÁSABORSOD-ABAÚJ-ZEMPLÉN, 05. számú OEVK - Sátoraljaújhely",Others
287,VINCZE TAMÁS,736,1.63,"ORSZÁGGYŰLÉSI KÉPVISELŐK VÁLASZTÁSABORSOD-ABAÚJ-ZEMPLÉN, 05. számú OEVK - Sátoraljaújhely",MKKP
288,ORNYIK RÓBERT,257,0.57,"ORSZÁGGYŰLÉSI KÉPVISELŐK VÁLASZTÁSABORSOD-ABAÚJ-ZEMPLÉN, 05. számú OEVK - Sátoraljaújhely",MEMO
289,VARGA ZOLTÁN,206,0.46,"ORSZÁGGYŰLÉSI KÉPVISELŐK VÁLASZTÁSABORSOD-ABAÚJ-ZEMPLÉN, 05. számú OEVK - Sátoraljaújhely",Normal party
290,STEFÁN GÁBOR,180,0.4,"ORSZÁGGYŰLÉSI KÉPVISELŐK VÁLASZTÁSABORSOD-ABAÚJ-ZEMPLÉN, 05. számú OEVK - Sátoraljaújhely",Others
291,BALOGH RÓBERT,169,0.37,"ORSZÁGGYŰLÉSI KÉPVISELŐK VÁLASZTÁSABORSOD-ABAÚJ-ZEMPLÉN, 05. számú OEVK - Sátoraljaújhely",Others
292,GLONCI BÉLA,83,0.18,"ORSZÁGGYŰLÉSI KÉPVISELŐK VÁLASZTÁSABORSOD-ABAÚJ-ZEMPLÉN, 05. számú OEVK - Sátoraljaújhely",Others
293,JÓNÁS ERIKA,0,0.0,"ORSZÁGGYŰLÉSI KÉPVISELŐK VÁLASZTÁSABORSOD-ABAÚJ-ZEMPLÉN, 05. számú OEVK - Sátoraljaújhely",Others
294,DR. KONCZ ZSÓFIA,29737,59.0,"ORSZÁGGYŰLÉSI KÉPVISELŐK VÁLASZTÁSABORSOD-ABAÚJ-ZEMPLÉN, 06. számú OEVK - Tiszaújváros",Fidesz/KDNP
295,JÉZSÓ GÁBOR,18618,36.94,"ORSZÁGGYŰLÉSI KÉPVISELŐK VÁLASZTÁSABORSOD-ABAÚJ-ZEMPLÉN, 06. számú OEVK - Tiszaújváros",Dialogue-coalition
296,MACSKÁS JÓZSEF,732,1.45,"ORSZÁGGYŰLÉSI KÉPVISELŐK VÁLASZTÁSABORSOD-ABAÚJ-ZEMPLÉN, 06. számú OEVK - Tiszaújváros",Others
297,VESZPRÉMI ÁDÁM,558,1.11,"ORSZÁGGYŰLÉSI KÉPVISELŐK VÁLASZTÁSABORSOD-ABAÚJ-ZEMPLÉN, 06. számú OEVK - Tiszaújváros",MEMO
298,MOLNÁR SÁNDOR,523,1.04,"ORSZÁGGYŰLÉSI KÉPVISELŐK VÁLASZTÁSABORSOD-ABAÚJ-ZEMPLÉN, 06. számú OEVK - Tiszaújváros",Normal party
299,PAPP GYÖRGY,237,0.47,"ORSZÁGGYŰLÉSI KÉPVISELŐK VÁLASZTÁSABORSOD-ABAÚJ-ZEMPLÉN, 06. számú OEVK - Tiszaújváros",Others
300,MIKLÓS ÁRPÁD,0,0.0,"ORSZÁGGYŰLÉSI KÉPVISELŐK VÁLASZTÁSABORSOD-ABAÚJ-ZEMPLÉN, 06. számú OEVK - Tiszaújváros",Others
301,BOROS JÓZSEF,0,0.0,"ORSZÁGGYŰLÉSI KÉPVISELŐK VÁLASZTÁSABORSOD-ABAÚJ-ZEMPLÉN, 06. számú OEVK - Tiszaújváros",MKKP
302,TÁLLAI ANDRÁS,29907,60.42,"ORSZÁGGYŰLÉSI KÉPVISELŐK VÁLASZTÁSABORSOD-ABAÚJ-ZEMPLÉN, 07. számú OEVK - Mezőkövesd",Fidesz/KDNP
303,SERMER ÁDÁM,13343,26.96,"ORSZÁGGYŰLÉSI KÉPVISELŐK VÁLASZTÁSABORSOD-ABAÚJ-ZEMPLÉN, 07. számú OEVK - Mezőkövesd",Dialogue-coalition
304,SZAJLAI JÁNOS,3721,7.52,"ORSZÁGGYŰLÉSI KÉPVISELŐK VÁLASZTÁSABORSOD-ABAÚJ-ZEMPLÉN, 07. számú OEVK - Mezőkövesd",Others
305,BLAU SÁNDOR,1000,2.02,"ORSZÁGGYŰLÉSI KÉPVISELŐK VÁLASZTÁSABORSOD-ABAÚJ-ZEMPLÉN, 07. számú OEVK - Mezőkövesd",MKKP
306,KERTÉSZ GYULA,592,1.2,"ORSZÁGGYŰLÉSI KÉPVISELŐK VÁLASZTÁSABORSOD-ABAÚJ-ZEMPLÉN, 07. számú OEVK - Mezőkövesd",MEMO
307,KOVÁCS LÁSZLÓ,335,0.68,"ORSZÁGGYŰLÉSI KÉPVISELŐK VÁLASZTÁSABORSOD-ABAÚJ-ZEMPLÉN, 07. számú OEVK - Mezőkövesd",Normal party
308,NÓTÁR ZOLTÁN,230,0.46,"ORSZÁGGYŰLÉSI KÉPVISELŐK VÁLASZTÁSABORSOD-ABAÚJ-ZEMPLÉN, 07. számú OEVK - Mezőkövesd",Others
309,FARKAS ÉVA,177,0.36,"ORSZÁGGYŰLÉSI KÉPVISELŐK VÁLASZTÁSABORSOD-ABAÚJ-ZEMPLÉN, 07. számú OEVK - Mezőkövesd",Others
310,KÓRÓDI PÉTER,103,0.21,"ORSZÁGGYŰLÉSI KÉPVISELŐK VÁLASZTÁSABORSOD-ABAÚJ-ZEMPLÉN, 07. számú OEVK - Mezőkövesd",Others
311,NÓTÁR BALÁZS MÁTÉ,90,0.18,"ORSZÁGGYŰLÉSI KÉPVISELŐK VÁLASZTÁSABORSOD-ABAÚJ-ZEMPLÉN, 07. számú OEVK - Mezőkövesd",Others
312,AMBRUSNÉ SALAP SZILVIA,0,0.0,"ORSZÁGGYŰLÉSI KÉPVISELŐK VÁLASZTÁSABORSOD-ABAÚJ-ZEMPLÉN, 07. számú OEVK - Mezőkövesd",Others
313,DÓSA CSABA,0,0.0,"ORSZÁGGYŰLÉSI KÉPVISELŐK VÁLASZTÁSABORSOD-ABAÚJ-ZEMPLÉN, 07. számú OEVK - Mezőkövesd",Others
314,SZABÓ SÁNDOR,27443,49.51,"ORSZÁGGYŰLÉSI KÉPVISELŐK VÁLASZTÁSACSONGRÁD-CSANÁD, 01. számú OEVK - Szeged",Dialogue-coalition
315,BARTÓK CSABA,20159,36.37,"ORSZÁGGYŰLÉSI KÉPVISELŐK VÁLASZTÁSACSONGRÁD-CSANÁD, 01. számú OEVK - Szeged",Fidesz/KDNP
316,LÉKÓ JULIANNA,3162,5.7,"ORSZÁGGYŰLÉSI KÉPVISELŐK VÁLASZTÁSACSONGRÁD-CSANÁD, 01. számú OEVK - Szeged",Others
317,NAGY FERENC,2163,3.9,"ORSZÁGGYŰLÉSI KÉPVISELŐK VÁLASZTÁSACSONGRÁD-CSANÁD, 01. számú OEVK - Szeged",MKKP
318,DR. SZABÓ BÁLINT,1123,2.03,"ORSZÁGGYŰLÉSI KÉPVISELŐK VÁLASZTÁSACSONGRÁD-CSANÁD, 01. számú OEVK - Szeged",Others
319,VESZELINOV ANNAMÁRIA,1006,1.81,"ORSZÁGGYŰLÉSI KÉPVISELŐK VÁLASZTÁSACSONGRÁD-CSANÁD, 01. számú OEVK - Szeged",MEMO
320,BUDAI GABRIELLA ÁGNES,376,0.68,"ORSZÁGGYŰLÉSI KÉPVISELŐK VÁLASZTÁSACSONGRÁD-CSANÁD, 01. számú OEVK - Szeged",Normal party
321,VÁRKONYI ZOLTÁN,0,0.0,"ORSZÁGGYŰLÉSI KÉPVISELŐK VÁLASZTÁSACSONGRÁD-CSANÁD, 01. számú OEVK - Szeged",Others
322,MIHÁLFFY BÉLA,27516,45.29,"ORSZÁGGYŰLÉSI KÉPVISELŐK VÁLASZTÁSACSONGRÁD-CSANÁD, 02. számú OEVK - Szeged",Fidesz/KDNP
323,MIHÁLIK EDVIN,24443,40.23,"ORSZÁGGYŰLÉSI KÉPVISELŐK VÁLASZTÁSACSONGRÁD-CSANÁD, 02. számú OEVK - Szeged",Dialogue-coalition
324,TOROCZKAI LÁSZLÓ,5768,9.49,"ORSZÁGGYŰLÉSI KÉPVISELŐK VÁLASZTÁSACSONGRÁD-CSANÁD, 02. számú OEVK - Szeged",Others
325,TÓTH-BENEDEK CSANÁD,1845,3.04,"ORSZÁGGYŰLÉSI KÉPVISELŐK VÁLASZTÁSACSONGRÁD-CSANÁD, 02. számú OEVK - Szeged",MKKP
326,GONDA BENJAMIN NORBERT,734,1.21,"ORSZÁGGYŰLÉSI KÉPVISELŐK VÁLASZTÁSACSONGRÁD-CSANÁD, 02. számú OEVK - Szeged",MEMO
327,LÉVAINÉ DR. KOVÁCS MARIAN,453,0.75,"ORSZÁGGYŰLÉSI KÉPVISELŐK VÁLASZTÁSACSONGRÁD-CSANÁD, 02. számú OEVK - Szeged",Normal party
328,DOBOS LÁSZLÓ,0,0.0,"ORSZÁGGYŰLÉSI KÉPVISELŐK VÁLASZTÁSACSONGRÁD-CSANÁD, 02. számú OEVK - Szeged",Others
329,FARKAS SÁNDOR,29582,54.74,"ORSZÁGGYŰLÉSI KÉPVISELŐK VÁLASZTÁSACSONGRÁD-CSANÁD, 03. számú OEVK - Szentes",Fidesz/KDNP
330,SZŰCS ILDIKÓ,16947,31.36,"ORSZÁGGYŰLÉSI KÉPVISELŐK VÁLASZTÁSACSONGRÁD-CSANÁD, 03. számú OEVK - Szentes",Dialogue-coalition
331,LACZKÓ ZSOLT,5313,9.83,"ORSZÁGGYŰLÉSI KÉPVISELŐK VÁLASZTÁSACSONGRÁD-CSANÁD, 03. számú OEVK - Szentes",Others
332,KÖRÖNDI MÁTÉ,1443,2.67,"ORSZÁGGYŰLÉSI KÉPVISELŐK VÁLASZTÁSACSONGRÁD-CSANÁD, 03. számú OEVK - Szentes",Others
333,ÜVEGES HAJNALKA,755,1.4,"ORSZÁGGYŰLÉSI KÉPVISELŐK VÁLASZTÁSACSONGRÁD-CSANÁD, 03. számú OEVK - Szentes",MEMO
334,KEMÉNY RÓBERT,0,0.0,"ORSZÁGGYŰLÉSI KÉPVISELŐK VÁLASZTÁSACSONGRÁD-CSANÁD, 03. számú OEVK - Szentes",Normal party
335,LÁZÁR JÁNOS,28753,51.77,"ORSZÁGGYŰLÉSI KÉPVISELŐK VÁLASZTÁSACSONGRÁD-CSANÁD, 04. számú OEVK - Hódmezővásárhely",Fidesz/KDNP
336,DR. MÁRKI-ZAY PÉTER,22328,40.2,"ORSZÁGGYŰLÉSI KÉPVISELŐK VÁLASZTÁSACSONGRÁD-CSANÁD, 04. számú OEVK - Hódmezővásárhely",Dialogue-coalition
337,VERES CSABA LEVENTE,2938,5.29,"ORSZÁGGYŰLÉSI KÉPVISELŐK VÁLASZTÁSACSONGRÁD-CSANÁD, 04. számú OEVK - Hódmezővásárhely",Others
338,KIS JÓZSEF,944,1.7,"ORSZÁGGYŰLÉSI KÉPVISELŐK VÁLASZTÁSACSONGRÁD-CSANÁD, 04. számú OEVK - Hódmezővásárhely",MKKP
339,SZABÓ ZOLTÁN,463,0.83,"ORSZÁGGYŰLÉSI KÉPVISELŐK VÁLASZTÁSACSONGRÁD-CSANÁD, 04. számú OEVK - Hódmezővásárhely",MEMO
340,KOVÁCS ISTVÁN,119,0.21,"ORSZÁGGYŰLÉSI KÉPVISELŐK VÁLASZTÁSACSONGRÁD-CSANÁD, 04. számú OEVK - Hódmezővásárhely",Others
341,VARGHA TAMÁS,21546,47.43,"ORSZÁGGYŰLÉSI KÉPVISELŐK VÁLASZTÁSAFEJÉR, 01. számú OEVK - Székesfehérvár",Fidesz/KDNP
342,DR. MÁRTON ROLAND,18994,41.81,"ORSZÁGGYŰLÉSI KÉPVISELŐK VÁLASZTÁSAFEJÉR, 01. számú OEVK - Székesfehérvár",Dialogue-coalition
343,VÉGH ANNAMÁRIA,2337,5.14,"ORSZÁGGYŰLÉSI KÉPVISELŐK VÁLASZTÁSAFEJÉR, 01. számú OEVK - Székesfehérvár",Others
344,FENEKES ROLAND,1637,3.6,"ORSZÁGGYŰLÉSI KÉPVISELŐK VÁLASZTÁSAFEJÉR, 01. számú OEVK - Székesfehérvár",MKKP
345,BALOGH BENEDEK,591,1.3,"ORSZÁGGYŰLÉSI KÉPVISELŐK VÁLASZTÁSAFEJÉR, 01. számú OEVK - Székesfehérvár",MEMO
346,GÖDE IMRE,319,0.7,"ORSZÁGGYŰLÉSI KÉPVISELŐK VÁLASZTÁSAFEJÉR, 01. számú OEVK - Székesfehérvár",Normal party
347,TÖRŐ GÁBOR,28380,56.01,"ORSZÁGGYŰLÉSI KÉPVISELŐK VÁLASZTÁSAFEJÉR, 02. számú OEVK - Székesfehérvár",Fidesz/KDNP
348,FAZAKAS ATTILA,15219,30.04,"ORSZÁGGYŰLÉSI KÉPVISELŐK VÁLASZTÁSAFEJÉR, 02. számú OEVK - Székesfehérvár",Dialogue-coalition
349,SCHMIDT ROLAND,4153,8.2,"ORSZÁGGYŰLÉSI KÉPVISELŐK VÁLASZTÁSAFEJÉR, 02. számú OEVK - Székesfehérvár",Others
350,DR. VARGA ESZTER,1860,3.67,"ORSZÁGGYŰLÉSI KÉPVISELŐK VÁLASZTÁSAFEJÉR, 02. számú OEVK - Székesfehérvár",MKKP
351,FOGARASI MÁRTA,489,0.97,"ORSZÁGGYŰLÉSI KÉPVISELŐK VÁLASZTÁSAFEJÉR, 02. számú OEVK - Székesfehérvár",Normal party
352,HUSZTI MÁRIA ROZÁLIA,449,0.89,"ORSZÁGGYŰLÉSI KÉPVISELŐK VÁLASZTÁSAFEJÉR, 02. számú OEVK - Székesfehérvár",MEMO
353,VERES PÉTER,116,0.23,"ORSZÁGGYŰLÉSI KÉPVISELŐK VÁLASZTÁSAFEJÉR, 02. számú OEVK - Székesfehérvár",Others
354,TESSELY ZOLTÁN,32520,57.34,"ORSZÁGGYŰLÉSI KÉPVISELŐK VÁLASZTÁSAFEJÉR, 03. számú OEVK - Bicske",Fidesz/KDNP
355,BALÁZS PÉTER,18092,31.9,"ORSZÁGGYŰLÉSI KÉPVISELŐK VÁLASZTÁSAFEJÉR, 03. számú OEVK - Bicske",Dialogue-coalition
356,HEGEDÜS PÁL,3168,5.59,"ORSZÁGGYŰLÉSI KÉPVISELŐK VÁLASZTÁSAFEJÉR, 03. számú OEVK - Bicske",Others
357,MÉSZÁROS LÁSZLÓ,1944,3.43,"ORSZÁGGYŰLÉSI KÉPVISELŐK VÁLASZTÁSAFEJÉR, 03. számú OEVK - Bicske",MKKP
358,KÖNYVES TAMÁS,854,1.51,"ORSZÁGGYŰLÉSI KÉPVISELŐK VÁLASZTÁSAFEJÉR, 03. számú OEVK - Bicske",MEMO
359,FLÉGER ISTVÁN TAMÁS,137,0.24,"ORSZÁGGYŰLÉSI KÉPVISELŐK VÁLASZTÁSAFEJÉR, 03. számú OEVK - Bicske",Others
360,ZEKE ZOLTÁN,0,0.0,"ORSZÁGGYŰLÉSI KÉPVISELŐK VÁLASZTÁSAFEJÉR, 03. számú OEVK - Bicske",Normal party
361,DR. MÉSZÁROS LAJOS,20562,46.17,"ORSZÁGGYŰLÉSI KÉPVISELŐK VÁLASZTÁSAFEJÉR, 04. számú OEVK - Dunaújváros",Fidesz/KDNP
362,KÁLLÓ GERGELY,19509,43.81,"ORSZÁGGYŰLÉSI KÉPVISELŐK VÁLASZTÁSAFEJÉR, 04. számú OEVK - Dunaújváros",Dialogue-coalition
363,BADÓ PÉTER,2219,4.98,"ORSZÁGGYŰLÉSI KÉPVISELŐK VÁLASZTÁSAFEJÉR, 04. számú OEVK - Dunaújváros",Others
364,POZSGAI ANITA,1194,2.68,"ORSZÁGGYŰLÉSI KÉPVISELŐK VÁLASZTÁSAFEJÉR, 04. számú OEVK - Dunaújváros",MKKP
365,HERMANN HENRIK,669,1.5,"ORSZÁGGYŰLÉSI KÉPVISELŐK VÁLASZTÁSAFEJÉR, 04. számú OEVK - Dunaújváros",MEMO
366,KOHL JÁNOS,286,0.64,"ORSZÁGGYŰLÉSI KÉPVISELŐK VÁLASZTÁSAFEJÉR, 04. számú OEVK - Dunaújváros",Normal party
367,FEHÉRVÁRI ZSOLT ISTVÁN,97,0.22,"ORSZÁGGYŰLÉSI KÉPVISELŐK VÁLASZTÁSAFEJÉR, 04. számú OEVK - Dunaújváros",Others
368,VARGA GÁBOR,27629,64.55,"ORSZÁGGYŰLÉSI KÉPVISELŐK VÁLASZTÁSAFEJÉR, 05. számú OEVK - Sárbogárd",Fidesz/KDNP
369,KERTÉSZ ÉVA,10441,24.39,"ORSZÁGGYŰLÉSI KÉPVISELŐK VÁLASZTÁSAFEJÉR, 05. számú OEVK - Sárbogárd",Dialogue-coalition
370,GIEBER LAJOS,3019,7.05,"ORSZÁGGYŰLÉSI KÉPVISELŐK VÁLASZTÁSAFEJÉR, 05. számú OEVK - Sárbogárd",Others
371,SPALA GÁBOR,969,2.26,"ORSZÁGGYŰLÉSI KÉPVISELŐK VÁLASZTÁSAFEJÉR, 05. számú OEVK - Sárbogárd",MKKP
372,DR. KOVÁCS JÁNOS FERENC,457,1.07,"ORSZÁGGYŰLÉSI KÉPVISELŐK VÁLASZTÁSAFEJÉR, 05. számú OEVK - Sárbogárd",Normal party
373,LAKATOS KRISZTIÁN,289,0.68,"ORSZÁGGYŰLÉSI KÉPVISELŐK VÁLASZTÁSAFEJÉR, 05. számú OEVK - Sárbogárd",MEMO
374,SIMON ANTAL,0,0.0,"ORSZÁGGYŰLÉSI KÉPVISELŐK VÁLASZTÁSAFEJÉR, 05. számú OEVK - Sárbogárd",Others
375,SIMON RÓBERT BALÁZS,24182,50.44,"ORSZÁGGYŰLÉSI KÉPVISELŐK VÁLASZTÁSAGYŐR-MOSON-SOPRON, 01. számú OEVK - Győr",Fidesz/KDNP
376,JANCSÓ ZITA,18356,38.29,"ORSZÁGGYŰLÉSI KÉPVISELŐK VÁLASZTÁSAGYŐR-MOSON-SOPRON, 01. számú OEVK - Győr",Dialogue-coalition
377,BÁLINT CSABA,2631,5.49,"ORSZÁGGYŰLÉSI KÉPVISELŐK VÁLASZTÁSAGYŐR-MOSON-SOPRON, 01. számú OEVK - Győr",Others
378,KOVÁCS BALÁZS,1692,3.53,"ORSZÁGGYŰLÉSI KÉPVISELŐK VÁLASZTÁSAGYŐR-MOSON-SOPRON, 01. számú OEVK - Győr",MKKP
379,DR. SZILÁGYI NORBERT,1079,2.25,"ORSZÁGGYŰLÉSI KÉPVISELŐK VÁLASZTÁSAGYŐR-MOSON-SOPRON, 01. számú OEVK - Győr",MEMO
380,ORATOVSZKY ANDREA,0,0.0,"ORSZÁGGYŰLÉSI KÉPVISELŐK VÁLASZTÁSAGYŐR-MOSON-SOPRON, 01. számú OEVK - Győr",Others
381,NORMÁLIS PÁRT,0,0.0,"ORSZÁGGYŰLÉSI KÉPVISELŐK VÁLASZTÁSAGYŐR-MOSON-SOPRON, 01. számú OEVK - Győr",Others
382,KARA ÁKOS,31661,60.13,"ORSZÁGGYŰLÉSI KÉPVISELŐK VÁLASZTÁSAGYŐR-MOSON-SOPRON, 02. számú OEVK - Győr",Fidesz/KDNP
383,DR. GASZTONYI LÁSZLÓ,16517,31.37,"ORSZÁGGYŰLÉSI KÉPVISELŐK VÁLASZTÁSAGYŐR-MOSON-SOPRON, 02. számú OEVK - Győr",Dialogue-coalition
384,SZABÓ RÓBERT,3214,6.1,"ORSZÁGGYŰLÉSI KÉPVISELŐK VÁLASZTÁSAGYŐR-MOSON-SOPRON, 02. számú OEVK - Győr",Others
385,SZEMES NORBERT,861,1.64,"ORSZÁGGYŰLÉSI KÉPVISELŐK VÁLASZTÁSAGYŐR-MOSON-SOPRON, 02. számú OEVK - Győr",MEMO
386,SZÖLLŐSI SÁNDOR,402,0.76,"ORSZÁGGYŰLÉSI KÉPVISELŐK VÁLASZTÁSAGYŐR-MOSON-SOPRON, 02. számú OEVK - Győr",Normal party
387,MÉSZÁROS GÉZA,0,0.0,"ORSZÁGGYŰLÉSI KÉPVISELŐK VÁLASZTÁSAGYŐR-MOSON-SOPRON, 02. számú OEVK - Győr",Others
388,GYŐRVÁRI GÁBOR,0,0.0,"ORSZÁGGYŰLÉSI KÉPVISELŐK VÁLASZTÁSAGYŐR-MOSON-SOPRON, 02. számú OEVK - Győr",MKKP
389,GYOPÁROS ALPÁR,35119,71.22,"ORSZÁGGYŰLÉSI KÉPVISELŐK VÁLASZTÁSAGYŐR-MOSON-SOPRON, 03. számú OEVK - Csorna",Fidesz/KDNP
390,KOVÁCSNÉ VARGA ILDIKÓ,10592,21.48,"ORSZÁGGYŰLÉSI KÉPVISELŐK VÁLASZTÁSAGYŐR-MOSON-SOPRON, 03. számú OEVK - Csorna",Dialogue-coalition
391,FERENCZ GERGŐ,2795,5.67,"ORSZÁGGYŰLÉSI KÉPVISELŐK VÁLASZTÁSAGYŐR-MOSON-SOPRON, 03. számú OEVK - Csorna",Others
392,PÉRCSI DONÁT TAMÁS,650,1.32,"ORSZÁGGYŰLÉSI KÉPVISELŐK VÁLASZTÁSAGYŐR-MOSON-SOPRON, 03. számú OEVK - Csorna",MEMO
393,SZABADAI VIKTOR,152,0.31,"ORSZÁGGYŰLÉSI KÉPVISELŐK VÁLASZTÁSAGYŐR-MOSON-SOPRON, 03. számú OEVK - Csorna",Others
394,ÁDER BALÁZS,0,0.0,"ORSZÁGGYŰLÉSI KÉPVISELŐK VÁLASZTÁSAGYŐR-MOSON-SOPRON, 03. számú OEVK - Csorna",Normal party
395,BARCZA ATTILA,32394,57.35,"ORSZÁGGYŰLÉSI KÉPVISELŐK VÁLASZTÁSAGYŐR-MOSON-SOPRON, 04. számú OEVK - Sopron",Fidesz/KDNP
396,DR. BRENNER KOLOMAN,18786,33.26,"ORSZÁGGYŰLÉSI KÉPVISELŐK VÁLASZTÁSAGYŐR-MOSON-SOPRON, 04. számú OEVK - Sopron",Dialogue-coalition
397,HORVÁTH GÁBOR,4112,7.28,"ORSZÁGGYŰLÉSI KÉPVISELŐK VÁLASZTÁSAGYŐR-MOSON-SOPRON, 04. számú OEVK - Sopron",Others
398,SALA ZOLTÁN,1190,2.11,"ORSZÁGGYŰLÉSI KÉPVISELŐK VÁLASZTÁSAGYŐR-MOSON-SOPRON, 04. számú OEVK - Sopron",MEMO
399,DR. GARAB GERGELY,0,0.0,"ORSZÁGGYŰLÉSI KÉPVISELŐK VÁLASZTÁSAGYŐR-MOSON-SOPRON, 04. számú OEVK - Sopron",MKKP
400,LUKÁCSY PÉTER,0,0.0,"ORSZÁGGYŰLÉSI KÉPVISELŐK VÁLASZTÁSAGYŐR-MOSON-SOPRON, 04. számú OEVK - Sopron",Normal party
401,DR. NAGY ISTVÁN,32549,59.23,"ORSZÁGGYŰLÉSI KÉPVISELŐK VÁLASZTÁSAGYŐR-MOSON-SOPRON, 05. számú OEVK - Mosonmagyaróvár",Fidesz/KDNP
402,MAGYAR ZOLTÁN,16746,30.47,"ORSZÁGGYŰLÉSI KÉPVISELŐK VÁLASZTÁSAGYŐR-MOSON-SOPRON, 05. számú OEVK - Mosonmagyaróvár",Dialogue-coalition
403,TAKÁCS MIKLÓS FERENC,2807,5.11,"ORSZÁGGYŰLÉSI KÉPVISELŐK VÁLASZTÁSAGYŐR-MOSON-SOPRON, 05. számú OEVK - Mosonmagyaróvár",Others
404,FÖLDESI ANDRÁS,1663,3.03,"ORSZÁGGYŰLÉSI KÉPVISELŐK VÁLASZTÁSAGYŐR-MOSON-SOPRON, 05. számú OEVK - Mosonmagyaróvár",MKKP
405,MÁCSIK JÁNOS,729,1.33,"ORSZÁGGYŰLÉSI KÉPVISELŐK VÁLASZTÁSAGYŐR-MOSON-SOPRON, 05. számú OEVK - Mosonmagyaróvár",MEMO
406,VARGA RENÁTA,463,0.84,"ORSZÁGGYŰLÉSI KÉPVISELŐK VÁLASZTÁSAGYŐR-MOSON-SOPRON, 05. számú OEVK - Mosonmagyaróvár",Normal party
407,KÓSA LAJOS,23385,48.95,"ORSZÁGGYŰLÉSI KÉPVISELŐK VÁLASZTÁSAHAJDÚ-BIHAR, 01. számú OEVK - Debrecen",Fidesz/KDNP
408,VARGA ZOLTÁN,18994,39.75,"ORSZÁGGYŰLÉSI KÉPVISELŐK VÁLASZTÁSAHAJDÚ-BIHAR, 01. számú OEVK - Debrecen",Dialogue-coalition
409,SALÁNKINÉ KUTI ZSUZSANNA,2912,6.09,"ORSZÁGGYŰLÉSI KÉPVISELŐK VÁLASZTÁSAHAJDÚ-BIHAR, 01. számú OEVK - Debrecen",Others
410,PETŐ CSABA,1681,3.52,"ORSZÁGGYŰLÉSI KÉPVISELŐK VÁLASZTÁSAHAJDÚ-BIHAR, 01. számú OEVK - Debrecen",MKKP
411,HERMANN ZOLTÁN,678,1.42,"ORSZÁGGYŰLÉSI KÉPVISELŐK VÁLASZTÁSAHAJDÚ-BIHAR, 01. számú OEVK - Debrecen",MEMO
412,NAGYNÉ NÉMETH MARIETTA,128,0.27,"ORSZÁGGYŰLÉSI KÉPVISELŐK VÁLASZTÁSAHAJDÚ-BIHAR, 01. számú OEVK - Debrecen",Others
413,POCSAY SÁNDOR GÁBOR,0,0.0,"ORSZÁGGYŰLÉSI KÉPVISELŐK VÁLASZTÁSAHAJDÚ-BIHAR, 01. számú OEVK - Debrecen",Normal party
414,DR. PÓSÁN LÁSZLÓ,27111,55.61,"ORSZÁGGYŰLÉSI KÉPVISELŐK VÁLASZTÁSAHAJDÚ-BIHAR, 02. számú OEVK - Debrecen",Fidesz/KDNP
415,MÁNDI LÁSZLÓ,19560,40.12,"ORSZÁGGYŰLÉSI KÉPVISELŐK VÁLASZTÁSAHAJDÚ-BIHAR, 02. számú OEVK - Debrecen",Dialogue-coalition
416,MORÁN-MIHUCZA SZILVIA,1498,3.07,"ORSZÁGGYŰLÉSI KÉPVISELŐK VÁLASZTÁSAHAJDÚ-BIHAR, 02. számú OEVK - Debrecen",Normal party
417,HUSZTI ANDREA,579,1.19,"ORSZÁGGYŰLÉSI KÉPVISELŐK VÁLASZTÁSAHAJDÚ-BIHAR, 02. számú OEVK - Debrecen",Others
418,RADECZKI CSONGOR,0,0.0,"ORSZÁGGYŰLÉSI KÉPVISELŐK VÁLASZTÁSAHAJDÚ-BIHAR, 02. számú OEVK - Debrecen",MKKP
419,FARKAS TIBOR,0,0.0,"ORSZÁGGYŰLÉSI KÉPVISELŐK VÁLASZTÁSAHAJDÚ-BIHAR, 02. számú OEVK - Debrecen",Others
420,BARANYI RENÁTA,0,0.0,"ORSZÁGGYŰLÉSI KÉPVISELŐK VÁLASZTÁSAHAJDÚ-BIHAR, 02. számú OEVK - Debrecen",MEMO
421,TASÓ LÁSZLÓ,31266,63.51,"ORSZÁGGYŰLÉSI KÉPVISELŐK VÁLASZTÁSAHAJDÚ-BIHAR, 03. számú OEVK - Debrecen",Fidesz/KDNP
422,SALAMON GERGŐ,13627,27.68,"ORSZÁGGYŰLÉSI KÉPVISELŐK VÁLASZTÁSAHAJDÚ-BIHAR, 03. számú OEVK - Debrecen",Dialogue-coalition
423,HUNYADI MÁTÉ,3075,6.25,"ORSZÁGGYŰLÉSI KÉPVISELŐK VÁLASZTÁSAHAJDÚ-BIHAR, 03. számú OEVK - Debrecen",Others
424,HORNYÁK ATTILA,602,1.22,"ORSZÁGGYŰLÉSI KÉPVISELŐK VÁLASZTÁSAHAJDÚ-BIHAR, 03. számú OEVK - Debrecen",MEMO
425,DOBRÁNSZKI LÁSZLÓ,358,0.73,"ORSZÁGGYŰLÉSI KÉPVISELŐK VÁLASZTÁSAHAJDÚ-BIHAR, 03. számú OEVK - Debrecen",Normal party
426,RÓZSÁS VIOLA JULIANNA,177,0.36,"ORSZÁGGYŰLÉSI KÉPVISELŐK VÁLASZTÁSAHAJDÚ-BIHAR, 03. számú OEVK - Debrecen",Others
427,KÁPOSZNYÁK ISTVÁN,128,0.26,"ORSZÁGGYŰLÉSI KÉPVISELŐK VÁLASZTÁSAHAJDÚ-BIHAR, 03. számú OEVK - Debrecen",Others
428,NAGY ISTVÁN,0,0.0,"ORSZÁGGYŰLÉSI KÉPVISELŐK VÁLASZTÁSAHAJDÚ-BIHAR, 03. számú OEVK - Debrecen",Others
429,BALOGH VANESSZA,0,0.0,"ORSZÁGGYŰLÉSI KÉPVISELŐK VÁLASZTÁSAHAJDÚ-BIHAR, 03. számú OEVK - Debrecen",Others
430,DR. VITÁNYI ISTVÁN,25407,61.66,"ORSZÁGGYŰLÉSI KÉPVISELŐK VÁLASZTÁSAHAJDÚ-BIHAR, 04. számú OEVK - Berettyóújfalu",Fidesz/KDNP
431,SZÁNTAI LÁSZLÓ,9483,23.01,"ORSZÁGGYŰLÉSI KÉPVISELŐK VÁLASZTÁSAHAJDÚ-BIHAR, 04. számú OEVK - Berettyóújfalu",Dialogue-coalition
432,MEZEI JÓZSEF,3399,8.25,"ORSZÁGGYŰLÉSI KÉPVISELŐK VÁLASZTÁSAHAJDÚ-BIHAR, 04. számú OEVK - Berettyóújfalu",Others
433,SOMI LAJOS,2270,5.51,"ORSZÁGGYŰLÉSI KÉPVISELŐK VÁLASZTÁSAHAJDÚ-BIHAR, 04. számú OEVK - Berettyóújfalu",Others
434,ZELENÁK ANDRÁS,283,0.69,"ORSZÁGGYŰLÉSI KÉPVISELŐK VÁLASZTÁSAHAJDÚ-BIHAR, 04. számú OEVK - Berettyóújfalu",MEMO
435,FARKAS ANTAL,272,0.66,"ORSZÁGGYŰLÉSI KÉPVISELŐK VÁLASZTÁSAHAJDÚ-BIHAR, 04. számú OEVK - Berettyóújfalu",Normal party
436,KÓTI LÁSZLÓ,92,0.22,"ORSZÁGGYŰLÉSI KÉPVISELŐK VÁLASZTÁSAHAJDÚ-BIHAR, 04. számú OEVK - Berettyóújfalu",Others
437,MOHÁCSI JÓZSEF KÁROLY,0,0.0,"ORSZÁGGYŰLÉSI KÉPVISELŐK VÁLASZTÁSAHAJDÚ-BIHAR, 04. számú OEVK - Berettyóújfalu",Others
438,BODÓ SÁNDOR,26982,60.61,"ORSZÁGGYŰLÉSI KÉPVISELŐK VÁLASZTÁSAHAJDÚ-BIHAR, 05. számú OEVK - Hajdúszoboszló",Fidesz/KDNP
439,KISS LÁSZLÓ,13529,30.39,"ORSZÁGGYŰLÉSI KÉPVISELŐK VÁLASZTÁSAHAJDÚ-BIHAR, 05. számú OEVK - Hajdúszoboszló",Dialogue-coalition
440,DR. TÓTH SÁNDOR,3159,7.1,"ORSZÁGGYŰLÉSI KÉPVISELŐK VÁLASZTÁSAHAJDÚ-BIHAR, 05. számú OEVK - Hajdúszoboszló",Others
441,TÓTH FERENCZ,410,0.92,"ORSZÁGGYŰLÉSI KÉPVISELŐK VÁLASZTÁSAHAJDÚ-BIHAR, 05. számú OEVK - Hajdúszoboszló",MEMO
442,CZIFRA LEVENTE ISTVÁN,332,0.75,"ORSZÁGGYŰLÉSI KÉPVISELŐK VÁLASZTÁSAHAJDÚ-BIHAR, 05. számú OEVK - Hajdúszoboszló",Normal party
443,SIPOS SÁNDOR,102,0.23,"ORSZÁGGYŰLÉSI KÉPVISELŐK VÁLASZTÁSAHAJDÚ-BIHAR, 05. számú OEVK - Hajdúszoboszló",Others
444,NAGY ALBERT,0,0.0,"ORSZÁGGYŰLÉSI KÉPVISELŐK VÁLASZTÁSAHAJDÚ-BIHAR, 05. számú OEVK - Hajdúszoboszló",Others
445,PAPP ZOLTÁN,0,0.0,"ORSZÁGGYŰLÉSI KÉPVISELŐK VÁLASZTÁSAHAJDÚ-BIHAR, 05. számú OEVK - Hajdúszoboszló",Others
446,NAGY LAJOS,0,0.0,"ORSZÁGGYŰLÉSI KÉPVISELŐK VÁLASZTÁSAHAJDÚ-BIHAR, 05. számú OEVK - Hajdúszoboszló",Others
447,DR. TIBA ISTVÁN,26062,58.19,"ORSZÁGGYŰLÉSI KÉPVISELŐK VÁLASZTÁSAHAJDÚ-BIHAR, 06. számú OEVK - Hajdúböszörmény",Fidesz/KDNP
448,HEGEDÜS PÉTER,13929,31.1,"ORSZÁGGYŰLÉSI KÉPVISELŐK VÁLASZTÁSAHAJDÚ-BIHAR, 06. számú OEVK - Hajdúböszörmény",Dialogue-coalition
449,NAGY ZOLTÁN,3504,7.82,"ORSZÁGGYŰLÉSI KÉPVISELŐK VÁLASZTÁSAHAJDÚ-BIHAR, 06. számú OEVK - Hajdúböszörmény",Others
450,ANDORKÓ LÁSZLÓ,641,1.43,"ORSZÁGGYŰLÉSI KÉPVISELŐK VÁLASZTÁSAHAJDÚ-BIHAR, 06. számú OEVK - Hajdúböszörmény",MEMO
451,VARGÁNÉ FÜLÖP ERZSÉBET,468,1.04,"ORSZÁGGYŰLÉSI KÉPVISELŐK VÁLASZTÁSAHAJDÚ-BIHAR, 06. számú OEVK - Hajdúböszörmény",Normal party
452,DOBÁNY LÁSZLÓ,187,0.42,"ORSZÁGGYŰLÉSI KÉPVISELŐK VÁLASZTÁSAHAJDÚ-BIHAR, 06. számú OEVK - Hajdúböszörmény",Others
453,DR. PAJTÓK GÁBOR,29703,52.19,"ORSZÁGGYŰLÉSI KÉPVISELŐK VÁLASZTÁSAHEVES, 01. számú OEVK - Eger",Fidesz/KDNP
454,BERECZ MÁTYÁS,20772,36.5,"ORSZÁGGYŰLÉSI KÉPVISELŐK VÁLASZTÁSAHEVES, 01. számú OEVK - Eger",Dialogue-coalition
455,DR. PÁPAI ÁKOS,3945,6.93,"ORSZÁGGYŰLÉSI KÉPVISELŐK VÁLASZTÁSAHEVES, 01. számú OEVK - Eger",Others
456,VASS VERONIKA,1400,2.46,"ORSZÁGGYŰLÉSI KÉPVISELŐK VÁLASZTÁSAHEVES, 01. számú OEVK - Eger",MKKP
457,KACSÓ SÁNDOR BÉLA,634,1.11,"ORSZÁGGYŰLÉSI KÉPVISELŐK VÁLASZTÁSAHEVES, 01. számú OEVK - Eger",MEMO
458,NAGY ÁGNES,454,0.8,"ORSZÁGGYŰLÉSI KÉPVISELŐK VÁLASZTÁSAHEVES, 01. számú OEVK - Eger",Normal party
459,HORVÁTH LÁSZLÓ,28878,54.91,"ORSZÁGGYŰLÉSI KÉPVISELŐK VÁLASZTÁSAHEVES, 02. számú OEVK - Gyöngyös",Fidesz/KDNP
460,DUDÁS RÓBERT,19148,36.41,"ORSZÁGGYŰLÉSI KÉPVISELŐK VÁLASZTÁSAHEVES, 02. számú OEVK - Gyöngyös",Dialogue-coalition
461,HAJDARA ROLAND,3141,5.97,"ORSZÁGGYŰLÉSI KÉPVISELŐK VÁLASZTÁSAHEVES, 02. számú OEVK - Gyöngyös",Others
462,ÉRSEK ZSOLT,915,1.74,"ORSZÁGGYŰLÉSI KÉPVISELŐK VÁLASZTÁSAHEVES, 02. számú OEVK - Gyöngyös",Others
463,BARNA RICHÁRD,505,0.96,"ORSZÁGGYŰLÉSI KÉPVISELŐK VÁLASZTÁSAHEVES, 02. számú OEVK - Gyöngyös",MEMO
464,GERGELY ANNA,0,0.0,"ORSZÁGGYŰLÉSI KÉPVISELŐK VÁLASZTÁSAHEVES, 02. számú OEVK - Gyöngyös",MKKP
465,SEMEGI RICHÁRD,0,0.0,"ORSZÁGGYŰLÉSI KÉPVISELŐK VÁLASZTÁSAHEVES, 02. számú OEVK - Gyöngyös",Others
466,SZABÓ ZSOLT,30863,59.06,"ORSZÁGGYŰLÉSI KÉPVISELŐK VÁLASZTÁSAHEVES, 03. számú OEVK - Hatvan",Fidesz/KDNP
467,KORÓZS LAJOS,15450,29.56,"ORSZÁGGYŰLÉSI KÉPVISELŐK VÁLASZTÁSAHEVES, 03. számú OEVK - Hatvan",Dialogue-coalition
468,GONDA ÁDÁM,4746,9.08,"ORSZÁGGYŰLÉSI KÉPVISELŐK VÁLASZTÁSAHEVES, 03. számú OEVK - Hatvan",Others
469,ANTAL GERGŐ,952,1.82,"ORSZÁGGYŰLÉSI KÉPVISELŐK VÁLASZTÁSAHEVES, 03. számú OEVK - Hatvan",MEMO
470,KOVÁCS ISTVÁNNÉ,248,0.47,"ORSZÁGGYŰLÉSI KÉPVISELŐK VÁLASZTÁSAHEVES, 03. számú OEVK - Hatvan",Others
471,KOMLÓSI GÁBOR,0,0.0,"ORSZÁGGYŰLÉSI KÉPVISELŐK VÁLASZTÁSAHEVES, 03. számú OEVK - Hatvan",MKKP
472,MOLNÁR TIBOR,0,0.0,"ORSZÁGGYŰLÉSI KÉPVISELŐK VÁLASZTÁSAHEVES, 03. számú OEVK - Hatvan",Normal party
473,DR. KÁLLAI MÁRIA,24972,46.91,"ORSZÁGGYŰLÉSI KÉPVISELŐK VÁLASZTÁSAJÁSZ-NAGYKUN-SZOLNOK, 01. számú OEVK - Szolnok",Fidesz/KDNP
474,SZIRÁKI PÁL,20864,39.2,"ORSZÁGGYŰLÉSI KÉPVISELŐK VÁLASZTÁSAJÁSZ-NAGYKUN-SZOLNOK, 01. számú OEVK - Szolnok",Dialogue-coalition
475,VINCZE BÉLA,3921,7.37,"ORSZÁGGYŰLÉSI KÉPVISELŐK VÁLASZTÁSAJÁSZ-NAGYKUN-SZOLNOK, 01. számú OEVK - Szolnok",Others
476,VICZÁN PÉTER,1545,2.9,"ORSZÁGGYŰLÉSI KÉPVISELŐK VÁLASZTÁSAJÁSZ-NAGYKUN-SZOLNOK, 01. számú OEVK - Szolnok",MKKP
477,KORPAI ERIKA,650,1.22,"ORSZÁGGYŰLÉSI KÉPVISELŐK VÁLASZTÁSAJÁSZ-NAGYKUN-SZOLNOK, 01. számú OEVK - Szolnok",MEMO
478,DR. CSIKÓS ATTILA,521,0.98,"ORSZÁGGYŰLÉSI KÉPVISELŐK VÁLASZTÁSAJÁSZ-NAGYKUN-SZOLNOK, 01. számú OEVK - Szolnok",Others
479,VARGA MÓNIKA,460,0.86,"ORSZÁGGYŰLÉSI KÉPVISELŐK VÁLASZTÁSAJÁSZ-NAGYKUN-SZOLNOK, 01. számú OEVK - Szolnok",Normal party
480,NÉMETH ATTILA,296,0.56,"ORSZÁGGYŰLÉSI KÉPVISELŐK VÁLASZTÁSAJÁSZ-NAGYKUN-SZOLNOK, 01. számú OEVK - Szolnok",Others
481,PÓCS JÁNOS,28215,59.81,"ORSZÁGGYŰLÉSI KÉPVISELŐK VÁLASZTÁSAJÁSZ-NAGYKUN-SZOLNOK, 02. számú OEVK - Jászberény",Fidesz/KDNP
482,DR. KERTÉSZ OTTÓ,15915,33.74,"ORSZÁGGYŰLÉSI KÉPVISELŐK VÁLASZTÁSAJÁSZ-NAGYKUN-SZOLNOK, 02. számú OEVK - Jászberény",Dialogue-coalition
483,DOBRÁN GYULA,2116,4.49,"ORSZÁGGYŰLÉSI KÉPVISELŐK VÁLASZTÁSAJÁSZ-NAGYKUN-SZOLNOK, 02. számú OEVK - Jászberény",Others
484,OSZVALD NÁNDOR,551,1.17,"ORSZÁGGYŰLÉSI KÉPVISELŐK VÁLASZTÁSAJÁSZ-NAGYKUN-SZOLNOK, 02. számú OEVK - Jászberény",MEMO
485,MAGDA GYÖRGY,265,0.56,"ORSZÁGGYŰLÉSI KÉPVISELŐK VÁLASZTÁSAJÁSZ-NAGYKUN-SZOLNOK, 02. számú OEVK - Jászberény",Normal party
486,BALOGH IMRÉNÉ,111,0.24,"ORSZÁGGYŰLÉSI KÉPVISELŐK VÁLASZTÁSAJÁSZ-NAGYKUN-SZOLNOK, 02. számú OEVK - Jászberény",Others
487,F. KOVÁCS SÁNDOR,29923,64.14,"ORSZÁGGYŰLÉSI KÉPVISELŐK VÁLASZTÁSAJÁSZ-NAGYKUN-SZOLNOK, 03. számú OEVK - Karcag",Fidesz/KDNP
488,DR. LUKÁCS LÁSZLÓ GYÖRGY,13614,29.18,"ORSZÁGGYŰLÉSI KÉPVISELŐK VÁLASZTÁSAJÁSZ-NAGYKUN-SZOLNOK, 03. számú OEVK - Karcag",Dialogue-coalition
489,SOMLAY RÓBERT,2426,5.2,"ORSZÁGGYŰLÉSI KÉPVISELŐK VÁLASZTÁSAJÁSZ-NAGYKUN-SZOLNOK, 03. számú OEVK - Karcag",Others
490,HALMI BÁLINT FERENC,468,1.0,"ORSZÁGGYŰLÉSI KÉPVISELŐK VÁLASZTÁSAJÁSZ-NAGYKUN-SZOLNOK, 03. számú OEVK - Karcag",MEMO
491,NAGY JÓZSEF,221,0.47,"ORSZÁGGYŰLÉSI KÉPVISELŐK VÁLASZTÁSAJÁSZ-NAGYKUN-SZOLNOK, 03. számú OEVK - Karcag",Others
492,KOVÁCS KINGA,0,0.0,"ORSZÁGGYŰLÉSI KÉPVISELŐK VÁLASZTÁSAJÁSZ-NAGYKUN-SZOLNOK, 03. számú OEVK - Karcag",Normal party
493,HERCZEG ZSOLT,23667,51.5,"ORSZÁGGYŰLÉSI KÉPVISELŐK VÁLASZTÁSAJÁSZ-NAGYKUN-SZOLNOK, 04. számú OEVK - Törökszentmiklós",Fidesz/KDNP
494,CSÁNYI TAMÁS,17047,37.1,"ORSZÁGGYŰLÉSI KÉPVISELŐK VÁLASZTÁSAJÁSZ-NAGYKUN-SZOLNOK, 04. számú OEVK - Törökszentmiklós",Dialogue-coalition
495,SZABÓ BETTINA,3756,8.17,"ORSZÁGGYŰLÉSI KÉPVISELŐK VÁLASZTÁSAJÁSZ-NAGYKUN-SZOLNOK, 04. számú OEVK - Törökszentmiklós",Others
496,FARKAS ATTILA,936,2.04,"ORSZÁGGYŰLÉSI KÉPVISELŐK VÁLASZTÁSAJÁSZ-NAGYKUN-SZOLNOK, 04. számú OEVK - Törökszentmiklós",MKKP
497,SZEGÉNY JÁNOS,399,0.87,"ORSZÁGGYŰLÉSI KÉPVISELŐK VÁLASZTÁSAJÁSZ-NAGYKUN-SZOLNOK, 04. számú OEVK - Törökszentmiklós",Normal party
498,BENCSIK MIHÁLY,148,0.32,"ORSZÁGGYŰLÉSI KÉPVISELŐK VÁLASZTÁSAJÁSZ-NAGYKUN-SZOLNOK, 04. számú OEVK - Törökszentmiklós",Others
499,SZABÓ RÓBERT,0,0.0,"ORSZÁGGYŰLÉSI KÉPVISELŐK VÁLASZTÁSAJÁSZ-NAGYKUN-SZOLNOK, 04. számú OEVK - Törökszentmiklós",MEMO
500,BENCSIK JÁNOS,26240,48.18,"ORSZÁGGYŰLÉSI KÉPVISELŐK VÁLASZTÁSAKOMÁROM-ESZTERGOM, 01. számú OEVK - Tatabánya",Fidesz/KDNP
501,DR. KONCZER ERIK,22417,41.16,"ORSZÁGGYŰLÉSI KÉPVISELŐK VÁLASZTÁSAKOMÁROM-ESZTERGOM, 01. számú OEVK - Tatabánya",Dialogue-coalition
502,BODA BÁNK,2856,5.24,"ORSZÁGGYŰLÉSI KÉPVISELŐK VÁLASZTÁSAKOMÁROM-ESZTERGOM, 01. számú OEVK - Tatabánya",Others
503,BÖRZSEI DÁVID,1429,2.62,"ORSZÁGGYŰLÉSI KÉPVISELŐK VÁLASZTÁSAKOMÁROM-ESZTERGOM, 01. számú OEVK - Tatabánya",MKKP
504,DR. POPOVICS JUDIT,891,1.64,"ORSZÁGGYŰLÉSI KÉPVISELŐK VÁLASZTÁSAKOMÁROM-ESZTERGOM, 01. számú OEVK - Tatabánya",MEMO
505,KEINDL TIBOR,372,0.68,"ORSZÁGGYŰLÉSI KÉPVISELŐK VÁLASZTÁSAKOMÁROM-ESZTERGOM, 01. számú OEVK - Tatabánya",Normal party
506,JÁNOKI TIBOR,252,0.46,"ORSZÁGGYŰLÉSI KÉPVISELŐK VÁLASZTÁSAKOMÁROM-ESZTERGOM, 01. számú OEVK - Tatabánya",Others
507,ERŐS GÁBOR,27795,49.96,"ORSZÁGGYŰLÉSI KÉPVISELŐK VÁLASZTÁSAKOMÁROM-ESZTERGOM, 02. számú OEVK - Esztergom",Fidesz/KDNP
508,NUNKOVICS TIBOR,21587,38.8,"ORSZÁGGYŰLÉSI KÉPVISELŐK VÁLASZTÁSAKOMÁROM-ESZTERGOM, 02. számú OEVK - Esztergom",Dialogue-coalition
509,LANTOS JÁNOS,3047,5.48,"ORSZÁGGYŰLÉSI KÉPVISELŐK VÁLASZTÁSAKOMÁROM-ESZTERGOM, 02. számú OEVK - Esztergom",Others
510,STIPITS ZOLTÁN,1463,2.63,"ORSZÁGGYŰLÉSI KÉPVISELŐK VÁLASZTÁSAKOMÁROM-ESZTERGOM, 02. számú OEVK - Esztergom",MKKP
511,DEÁK FERENC,983,1.77,"ORSZÁGGYŰLÉSI KÉPVISELŐK VÁLASZTÁSAKOMÁROM-ESZTERGOM, 02. számú OEVK - Esztergom",Others
512,GREINER TAMÁS,765,1.37,"ORSZÁGGYŰLÉSI KÉPVISELŐK VÁLASZTÁSAKOMÁROM-ESZTERGOM, 02. számú OEVK - Esztergom",Normal party
513,BANAI BALÁZS,0,0.0,"ORSZÁGGYŰLÉSI KÉPVISELŐK VÁLASZTÁSAKOMÁROM-ESZTERGOM, 02. számú OEVK - Esztergom",MEMO
514,CZUNYINÉ DR. BERTALAN JUDIT,30965,55.1,"ORSZÁGGYŰLÉSI KÉPVISELŐK VÁLASZTÁSAKOMÁROM-ESZTERGOM, 03. számú OEVK - Komárom",Fidesz/KDNP
515,DR. NEMES ANDREA,18605,33.11,"ORSZÁGGYŰLÉSI KÉPVISELŐK VÁLASZTÁSAKOMÁROM-ESZTERGOM, 03. számú OEVK - Komárom",Dialogue-coalition
516,ÁBRAHÁM BARNABÁS,3728,6.63,"ORSZÁGGYŰLÉSI KÉPVISELŐK VÁLASZTÁSAKOMÁROM-ESZTERGOM, 03. számú OEVK - Komárom",Others
517,GOMBOS MÁTÉ,1479,2.63,"ORSZÁGGYŰLÉSI KÉPVISELŐK VÁLASZTÁSAKOMÁROM-ESZTERGOM, 03. számú OEVK - Komárom",MKKP
518,FÜZI GÁBOR,1000,1.78,"ORSZÁGGYŰLÉSI KÉPVISELŐK VÁLASZTÁSAKOMÁROM-ESZTERGOM, 03. számú OEVK - Komárom",MEMO
519,MATUS FERENC,422,0.75,"ORSZÁGGYŰLÉSI KÉPVISELŐK VÁLASZTÁSAKOMÁROM-ESZTERGOM, 03. számú OEVK - Komárom",Normal party
520,BECSÓ ZSOLT,26023,53.85,"ORSZÁGGYŰLÉSI KÉPVISELŐK VÁLASZTÁSANÓGRÁD, 01. számú OEVK - Salgótarján",Fidesz/KDNP
521,GODÓ BEATRIX,17467,36.15,"ORSZÁGGYŰLÉSI KÉPVISELŐK VÁLASZTÁSANÓGRÁD, 01. számú OEVK - Salgótarján",Dialogue-coalition
522,DR. MUSZTÁCS LÁSZLÓ,2960,6.13,"ORSZÁGGYŰLÉSI KÉPVISELŐK VÁLASZTÁSANÓGRÁD, 01. számú OEVK - Salgótarján",Others
523,PAULÓ MIHÁLY TAMÁS,879,1.82,"ORSZÁGGYŰLÉSI KÉPVISELŐK VÁLASZTÁSANÓGRÁD, 01. számú OEVK - Salgótarján",MKKP
524,KECSKÉS PÉTER,403,0.83,"ORSZÁGGYŰLÉSI KÉPVISELŐK VÁLASZTÁSANÓGRÁD, 01. számú OEVK - Salgótarján",MEMO
525,PINTÉR ZSOLT,350,0.72,"ORSZÁGGYŰLÉSI KÉPVISELŐK VÁLASZTÁSANÓGRÁD, 01. számú OEVK - Salgótarján",Normal party
526,KRIZS NORBERT,241,0.5,"ORSZÁGGYŰLÉSI KÉPVISELŐK VÁLASZTÁSANÓGRÁD, 01. számú OEVK - Salgótarján",Others
527,BALLA MIHÁLY,31921,60.08,"ORSZÁGGYŰLÉSI KÉPVISELŐK VÁLASZTÁSANÓGRÁD, 02. számú OEVK - Balassagyarmat",Fidesz/KDNP
528,GYENES SZILÁRD,12722,23.95,"ORSZÁGGYŰLÉSI KÉPVISELŐK VÁLASZTÁSANÓGRÁD, 02. számú OEVK - Balassagyarmat",Dialogue-coalition
529,DÓCS DÁVID,6315,11.89,"ORSZÁGGYŰLÉSI KÉPVISELŐK VÁLASZTÁSANÓGRÁD, 02. számú OEVK - Balassagyarmat",Others
530,MÁRTON RENÁTA,1097,2.06,"ORSZÁGGYŰLÉSI KÉPVISELŐK VÁLASZTÁSANÓGRÁD, 02. számú OEVK - Balassagyarmat",MKKP
531,SOPOTNIK LÁSZLÓ,471,0.89,"ORSZÁGGYŰLÉSI KÉPVISELŐK VÁLASZTÁSANÓGRÁD, 02. számú OEVK - Balassagyarmat",MEMO
532,DR. FRANKFURTER ZSUZSANNA,339,0.64,"ORSZÁGGYŰLÉSI KÉPVISELŐK VÁLASZTÁSANÓGRÁD, 02. számú OEVK - Balassagyarmat",Others
533,DOMOKOS ZOLTÁN,265,0.5,"ORSZÁGGYŰLÉSI KÉPVISELŐK VÁLASZTÁSANÓGRÁD, 02. számú OEVK - Balassagyarmat",Normal party
534,OLÁH ALFRÉD,0,0.0,"ORSZÁGGYŰLÉSI KÉPVISELŐK VÁLASZTÁSANÓGRÁD, 02. számú OEVK - Balassagyarmat",Others
535,DR. ARADSZKI ANDRÁS,29597,45.38,"ORSZÁGGYŰLÉSI KÉPVISELŐK VÁLASZTÁSAPEST, 01. számú OEVK - Érd",Fidesz/KDNP
536,DR. BŐSZ ANETT,28076,43.05,"ORSZÁGGYŰLÉSI KÉPVISELŐK VÁLASZTÁSAPEST, 01. számú OEVK - Érd",Dialogue-coalition
537,CSOTT KÁROLY,3220,4.94,"ORSZÁGGYŰLÉSI KÉPVISELŐK VÁLASZTÁSAPEST, 01. számú OEVK - Érd",Others
538,IGNÁTH KITTI,2067,3.17,"ORSZÁGGYŰLÉSI KÉPVISELŐK VÁLASZTÁSAPEST, 01. számú OEVK - Érd",MKKP
539,DR. ASZTALOS ÉVA,1527,2.34,"ORSZÁGGYŰLÉSI KÉPVISELŐK VÁLASZTÁSAPEST, 01. számú OEVK - Érd",Others
540,VÁRADI VALENTIN,729,1.12,"ORSZÁGGYŰLÉSI KÉPVISELŐK VÁLASZTÁSAPEST, 01. számú OEVK - Érd",MEMO
541,MASZÁRIK PATRIK,0,0.0,"ORSZÁGGYŰLÉSI KÉPVISELŐK VÁLASZTÁSAPEST, 01. számú OEVK - Érd",Normal party
542,MENCZER TAMÁS,34810,46.77,"ORSZÁGGYŰLÉSI KÉPVISELŐK VÁLASZTÁSAPEST, 02. számú OEVK - Budakeszi",Fidesz/KDNP
543,DR. SZÉL BERNADETT,33432,44.92,"ORSZÁGGYŰLÉSI KÉPVISELŐK VÁLASZTÁSAPEST, 02. számú OEVK - Budakeszi",Dialogue-coalition
544,GYÖRGY JÓZSEF,2700,3.63,"ORSZÁGGYŰLÉSI KÉPVISELŐK VÁLASZTÁSAPEST, 02. számú OEVK - Budakeszi",Others
545,JAKAB EDINA,2399,3.22,"ORSZÁGGYŰLÉSI KÉPVISELŐK VÁLASZTÁSAPEST, 02. számú OEVK - Budakeszi",MKKP
546,DR. BOGÓ DÁNIEL LÁSZLÓ,779,1.05,"ORSZÁGGYŰLÉSI KÉPVISELŐK VÁLASZTÁSAPEST, 02. számú OEVK - Budakeszi",MEMO
547,KEREKES ERZSÉBET,302,0.41,"ORSZÁGGYŰLÉSI KÉPVISELŐK VÁLASZTÁSAPEST, 02. számú OEVK - Budakeszi",Normal party
548,DR. VITÁLYOS ESZTER,36877,51.94,"ORSZÁGGYŰLÉSI KÉPVISELŐK VÁLASZTÁSAPEST, 03. számú OEVK - Szentendre",Fidesz/KDNP
549,BUZINKAY GYÖRGY,26540,37.38,"ORSZÁGGYŰLÉSI KÉPVISELŐK VÁLASZTÁSAPEST, 03. számú OEVK - Szentendre",Dialogue-coalition
550,PÁL BÉLA,3051,4.3,"ORSZÁGGYŰLÉSI KÉPVISELŐK VÁLASZTÁSAPEST, 03. számú OEVK - Szentendre",Others
551,KÖVESDI MIKLÓS,3035,4.27,"ORSZÁGGYŰLÉSI KÉPVISELŐK VÁLASZTÁSAPEST, 03. számú OEVK - Szentendre",MKKP
552,POLOCSÁNYI BÉLA,819,1.15,"ORSZÁGGYŰLÉSI KÉPVISELŐK VÁLASZTÁSAPEST, 03. számú OEVK - Szentendre",MEMO
553,TIHANYI CSABA,391,0.55,"ORSZÁGGYŰLÉSI KÉPVISELŐK VÁLASZTÁSAPEST, 03. számú OEVK - Szentendre",Normal party
554,PÁLMAI FERENC,284,0.4,"ORSZÁGGYŰLÉSI KÉPVISELŐK VÁLASZTÁSAPEST, 03. számú OEVK - Szentendre",Others
555,RÉTVÁRI BENCE,30747,55.46,"ORSZÁGGYŰLÉSI KÉPVISELŐK VÁLASZTÁSAPEST, 04. számú OEVK - Vác",Fidesz/KDNP
556,INOTAY GERGELY,18759,33.83,"ORSZÁGGYŰLÉSI KÉPVISELŐK VÁLASZTÁSAPEST, 04. számú OEVK - Vác",Dialogue-coalition
557,DR. PÁLI JENŐ,3242,5.85,"ORSZÁGGYŰLÉSI KÉPVISELŐK VÁLASZTÁSAPEST, 04. számú OEVK - Vác",Others
558,KORGA GERGELY,1783,3.22,"ORSZÁGGYŰLÉSI KÉPVISELŐK VÁLASZTÁSAPEST, 04. számú OEVK - Vác",MKKP
559,MANTZOURAKIS SARANTIS,426,0.77,"ORSZÁGGYŰLÉSI KÉPVISELŐK VÁLASZTÁSAPEST, 04. számú OEVK - Vác",MEMO
560,PINTÉR LÁSZLÓ,384,0.69,"ORSZÁGGYŰLÉSI KÉPVISELŐK VÁLASZTÁSAPEST, 04. számú OEVK - Vác",Normal party
561,SIMON JÓZSEF FERENC,102,0.18,"ORSZÁGGYŰLÉSI KÉPVISELŐK VÁLASZTÁSAPEST, 04. számú OEVK - Vác",Others
562,TUZSON BENCE,34390,46.3,"ORSZÁGGYŰLÉSI KÉPVISELŐK VÁLASZTÁSAPEST, 05. számú OEVK - Dunakeszi",Fidesz/KDNP
563,DOROSZ DÁVID,31228,42.04,"ORSZÁGGYŰLÉSI KÉPVISELŐK VÁLASZTÁSAPEST, 05. számú OEVK - Dunakeszi",Dialogue-coalition
564,KOVÁCS MÁTYÁS,3499,4.71,"ORSZÁGGYŰLÉSI KÉPVISELŐK VÁLASZTÁSAPEST, 05. számú OEVK - Dunakeszi",Others
565,BÜRGER ZOLTÁN,2801,3.77,"ORSZÁGGYŰLÉSI KÉPVISELŐK VÁLASZTÁSAPEST, 05. számú OEVK - Dunakeszi",MKKP
566,KOVÁCS ROXÁNA,1274,1.72,"ORSZÁGGYŰLÉSI KÉPVISELŐK VÁLASZTÁSAPEST, 05. számú OEVK - Dunakeszi",MEMO
567,LŐRINCZ LÁSZLÓ,624,0.84,"ORSZÁGGYŰLÉSI KÉPVISELŐK VÁLASZTÁSAPEST, 05. számú OEVK - Dunakeszi",Others
568,SZUCHÁNYI GÁBOR,462,0.62,"ORSZÁGGYŰLÉSI KÉPVISELŐK VÁLASZTÁSAPEST, 05. számú OEVK - Dunakeszi",Normal party
569,NAGY FERENC,0,0.0,"ORSZÁGGYŰLÉSI KÉPVISELŐK VÁLASZTÁSAPEST, 05. számú OEVK - Dunakeszi",Others
570,PAPP JÁNOS,0,0.0,"ORSZÁGGYŰLÉSI KÉPVISELŐK VÁLASZTÁSAPEST, 05. számú OEVK - Dunakeszi",Others
571,VÉCSEY LÁSZLÓ,33188,49.05,"ORSZÁGGYŰLÉSI KÉPVISELŐK VÁLASZTÁSAPEST, 06. számú OEVK - Gödöllő",Fidesz/KDNP
572,HOHN KRISZTINA,25826,38.17,"ORSZÁGGYŰLÉSI KÉPVISELŐK VÁLASZTÁSAPEST, 06. számú OEVK - Gödöllő",Dialogue-coalition
573,HALÁSZ GÉZA,3911,5.78,"ORSZÁGGYŰLÉSI KÉPVISELŐK VÁLASZTÁSAPEST, 06. számú OEVK - Gödöllő",Others
574,BŐSZE GÁBOR,2290,3.38,"ORSZÁGGYŰLÉSI KÉPVISELŐK VÁLASZTÁSAPEST, 06. számú OEVK - Gödöllő",MKKP
575,KOPKA SÁNDOR ZOLTÁN,1178,1.74,"ORSZÁGGYŰLÉSI KÉPVISELŐK VÁLASZTÁSAPEST, 06. számú OEVK - Gödöllő",MEMO
576,ANTAL TAMÁS,880,1.3,"ORSZÁGGYŰLÉSI KÉPVISELŐK VÁLASZTÁSAPEST, 06. számú OEVK - Gödöllő",Others
577,SZIBILLA LÁSZLÓ,385,0.57,"ORSZÁGGYŰLÉSI KÉPVISELŐK VÁLASZTÁSAPEST, 06. számú OEVK - Gödöllő",Normal party
578,SZENTMIKLÓSI TAMÁS,0,0.0,"ORSZÁGGYŰLÉSI KÉPVISELŐK VÁLASZTÁSAPEST, 06. számú OEVK - Gödöllő",Others
579,DR. SZŰCS LAJOS,31623,49.22,"ORSZÁGGYŰLÉSI KÉPVISELŐK VÁLASZTÁSAPEST, 07. számú OEVK - Vecsés",Fidesz/KDNP
580,FRICSOVSZKY-TÓTH PÉTER,23449,36.5,"ORSZÁGGYŰLÉSI KÉPVISELŐK VÁLASZTÁSAPEST, 07. számú OEVK - Vecsés",Dialogue-coalition
581,SZABÓNÉ PAPP KLÁRA,4219,6.57,"ORSZÁGGYŰLÉSI KÉPVISELŐK VÁLASZTÁSAPEST, 07. számú OEVK - Vecsés",Others
582,IVÁN PETRA,2915,4.54,"ORSZÁGGYŰLÉSI KÉPVISELŐK VÁLASZTÁSAPEST, 07. számú OEVK - Vecsés",MKKP
583,BALOGH ISTVÁN,1484,2.31,"ORSZÁGGYŰLÉSI KÉPVISELŐK VÁLASZTÁSAPEST, 07. számú OEVK - Vecsés",MEMO
584,BOCZ DÁNIEL,558,0.87,"ORSZÁGGYŰLÉSI KÉPVISELŐK VÁLASZTÁSAPEST, 07. számú OEVK - Vecsés",Normal party
585,BÓNA ZOLTÁN,29584,45.55,"ORSZÁGGYŰLÉSI KÉPVISELŐK VÁLASZTÁSAPEST, 08. számú OEVK - Szigetszentmiklós",Fidesz/KDNP
586,JÓSZAI TEODÓRA,27701,42.65,"ORSZÁGGYŰLÉSI KÉPVISELŐK VÁLASZTÁSAPEST, 08. számú OEVK - Szigetszentmiklós",Dialogue-coalition
587,BOTLÓ KORNÉL LEVENTE,3657,5.63,"ORSZÁGGYŰLÉSI KÉPVISELŐK VÁLASZTÁSAPEST, 08. számú OEVK - Szigetszentmiklós",Others
588,ZSELI BERNADETT,2070,3.19,"ORSZÁGGYŰLÉSI KÉPVISELŐK VÁLASZTÁSAPEST, 08. számú OEVK - Szigetszentmiklós",MKKP
589,KÁMÁNY JÁNOS KRISZTIÁN,806,1.24,"ORSZÁGGYŰLÉSI KÉPVISELŐK VÁLASZTÁSAPEST, 08. számú OEVK - Szigetszentmiklós",MEMO
590,DOROGI GYULA,751,1.16,"ORSZÁGGYŰLÉSI KÉPVISELŐK VÁLASZTÁSAPEST, 08. számú OEVK - Szigetszentmiklós",Others
591,PROHÁSZKA GYÖRGY JÁNOS,373,0.57,"ORSZÁGGYŰLÉSI KÉPVISELŐK VÁLASZTÁSAPEST, 08. számú OEVK - Szigetszentmiklós",Normal party
592,CZERVÁN GYÖRGY,29632,60.22,"ORSZÁGGYŰLÉSI KÉPVISELŐK VÁLASZTÁSAPEST, 09. számú OEVK - Nagykáta",Fidesz/KDNP
593,DR. SCHMUCK ERZSÉBET,14096,28.65,"ORSZÁGGYŰLÉSI KÉPVISELŐK VÁLASZTÁSAPEST, 09. számú OEVK - Nagykáta",Dialogue-coalition
594,DR. LÁSZLÓ PÉTER,3259,6.62,"ORSZÁGGYŰLÉSI KÉPVISELŐK VÁLASZTÁSAPEST, 09. számú OEVK - Nagykáta",Others
595,KISS KORNÉL,1236,2.51,"ORSZÁGGYŰLÉSI KÉPVISELŐK VÁLASZTÁSAPEST, 09. számú OEVK - Nagykáta",MKKP
596,VÁRI ZOLTÁN ZSOLT,589,1.2,"ORSZÁGGYŰLÉSI KÉPVISELŐK VÁLASZTÁSAPEST, 09. számú OEVK - Nagykáta",MEMO
597,BEZZEG BOGLÁRKA,397,0.81,"ORSZÁGGYŰLÉSI KÉPVISELŐK VÁLASZTÁSAPEST, 09. számú OEVK - Nagykáta",Normal party
598,NÉMET ALEXANDER,0,0.0,"ORSZÁGGYŰLÉSI KÉPVISELŐK VÁLASZTÁSAPEST, 09. számú OEVK - Nagykáta",Others
599,CSORVÁSI ATTILA,0,0.0,"ORSZÁGGYŰLÉSI KÉPVISELŐK VÁLASZTÁSAPEST, 09. számú OEVK - Nagykáta",Others
600,SÁNDOR ELEMÉR CSABA,0,0.0,"ORSZÁGGYŰLÉSI KÉPVISELŐK VÁLASZTÁSAPEST, 09. számú OEVK - Nagykáta",Others
601,POGÁCSÁS TIBOR,30973,59.71,"ORSZÁGGYŰLÉSI KÉPVISELŐK VÁLASZTÁSAPEST, 10. számú OEVK - Monor",Fidesz/KDNP
602,SZABÓ REBEKA,14797,28.52,"ORSZÁGGYŰLÉSI KÉPVISELŐK VÁLASZTÁSAPEST, 10. számú OEVK - Monor",Dialogue-coalition
603,LÁSZLÓ ATTILA,3901,7.52,"ORSZÁGGYŰLÉSI KÉPVISELŐK VÁLASZTÁSAPEST, 10. számú OEVK - Monor",Others
604,KŐHEGYI RÓBERT,1528,2.95,"ORSZÁGGYŰLÉSI KÉPVISELŐK VÁLASZTÁSAPEST, 10. számú OEVK - Monor",MKKP
605,ZRUBKA ZITA,677,1.31,"ORSZÁGGYŰLÉSI KÉPVISELŐK VÁLASZTÁSAPEST, 10. számú OEVK - Monor",MEMO
606,NAGY SÁNDOR,0,0.0,"ORSZÁGGYŰLÉSI KÉPVISELŐK VÁLASZTÁSAPEST, 10. számú OEVK - Monor",Others
607,KOVÁCS ANDRÁS,0,0.0,"ORSZÁGGYŰLÉSI KÉPVISELŐK VÁLASZTÁSAPEST, 10. számú OEVK - Monor",Others
608,TÁBI ISTVÁN,0,0.0,"ORSZÁGGYŰLÉSI KÉPVISELŐK VÁLASZTÁSAPEST, 10. számú OEVK - Monor",Others
609,NORMÁLIS PÁRT,0,0.0,"ORSZÁGGYŰLÉSI KÉPVISELŐK VÁLASZTÁSAPEST, 10. számú OEVK - Monor",Others
610,PÁNCZÉL KÁROLY,35513,56.81,"ORSZÁGGYŰLÉSI KÉPVISELŐK VÁLASZTÁSAPEST, 11. számú OEVK - Dabas",Fidesz/KDNP
611,JÁNOSI-LESI ÁGOTA,19824,31.71,"ORSZÁGGYŰLÉSI KÉPVISELŐK VÁLASZTÁSAPEST, 11. számú OEVK - Dabas",Dialogue-coalition
612,BOBROVÁCZ ANTAL,3769,6.03,"ORSZÁGGYŰLÉSI KÉPVISELŐK VÁLASZTÁSAPEST, 11. számú OEVK - Dabas",Others
613,FERANCZ NORBERT,1807,2.89,"ORSZÁGGYŰLÉSI KÉPVISELŐK VÁLASZTÁSAPEST, 11. számú OEVK - Dabas",MKKP
614,SZABÓ LÁSZLÓ,885,1.42,"ORSZÁGGYŰLÉSI KÉPVISELŐK VÁLASZTÁSAPEST, 11. számú OEVK - Dabas",MEMO
615,MIHÁLY DÁNIEL,550,0.88,"ORSZÁGGYŰLÉSI KÉPVISELŐK VÁLASZTÁSAPEST, 11. számú OEVK - Dabas",Normal party
616,FEKETE LÁSZLÓ,169,0.27,"ORSZÁGGYŰLÉSI KÉPVISELŐK VÁLASZTÁSAPEST, 11. számú OEVK - Dabas",Others
617,PETRIK IZABELLA,0,0.0,"ORSZÁGGYŰLÉSI KÉPVISELŐK VÁLASZTÁSAPEST, 11. számú OEVK - Dabas",Others
618,FÖLDI LÁSZLÓ,28244,59.11,"ORSZÁGGYŰLÉSI KÉPVISELŐK VÁLASZTÁSAPEST, 12. számú OEVK - Cegléd",Fidesz/KDNP
619,ZÁGRÁB NÁNDOR,13696,28.66,"ORSZÁGGYŰLÉSI KÉPVISELŐK VÁLASZTÁSAPEST, 12. számú OEVK - Cegléd",Dialogue-coalition
620,BARTHA BARNA,3693,7.73,"ORSZÁGGYŰLÉSI KÉPVISELŐK VÁLASZTÁSAPEST, 12. számú OEVK - Cegléd",Others
621,KIS VIKTOR,1239,2.59,"ORSZÁGGYŰLÉSI KÉPVISELŐK VÁLASZTÁSAPEST, 12. számú OEVK - Cegléd",MKKP
622,PÁSZTOR ÉVA ILONA,506,1.06,"ORSZÁGGYŰLÉSI KÉPVISELŐK VÁLASZTÁSAPEST, 12. számú OEVK - Cegléd",MEMO
623,ANDRISKA ISTVÁN,406,0.85,"ORSZÁGGYŰLÉSI KÉPVISELŐK VÁLASZTÁSAPEST, 12. számú OEVK - Cegléd",Normal party
624,GELENCSÉR ATTILA,20062,47.63,"ORSZÁGGYŰLÉSI KÉPVISELŐK VÁLASZTÁSASOMOGY, 01. számú OEVK - Kaposvár",Fidesz/KDNP
625,DR. VARGA ISTVÁN,14670,34.83,"ORSZÁGGYŰLÉSI KÉPVISELŐK VÁLASZTÁSASOMOGY, 01. számú OEVK - Kaposvár",Dialogue-coalition
626,KELEMEN CSABA,2490,5.91,"ORSZÁGGYŰLÉSI KÉPVISELŐK VÁLASZTÁSASOMOGY, 01. számú OEVK - Kaposvár",Others
627,VARGA ISTVÁN,1849,4.39,"ORSZÁGGYŰLÉSI KÉPVISELŐK VÁLASZTÁSASOMOGY, 01. számú OEVK - Kaposvár",Others
628,TELEKI-MOLNÁR ZSÓFIA,983,2.33,"ORSZÁGGYŰLÉSI KÉPVISELŐK VÁLASZTÁSASOMOGY, 01. számú OEVK - Kaposvár",MKKP
629,DR. NADRAI NORBERT JÓZSEF,830,1.97,"ORSZÁGGYŰLÉSI KÉPVISELŐK VÁLASZTÁSASOMOGY, 01. számú OEVK - Kaposvár",Others
630,HAUSER GERGŐ,755,1.79,"ORSZÁGGYŰLÉSI KÉPVISELŐK VÁLASZTÁSASOMOGY, 01. számú OEVK - Kaposvár",MEMO
631,HORVÁTH ÁKOS,369,0.88,"ORSZÁGGYŰLÉSI KÉPVISELŐK VÁLASZTÁSASOMOGY, 01. számú OEVK - Kaposvár",Others
632,VARGA TAMÁS,110,0.26,"ORSZÁGGYŰLÉSI KÉPVISELŐK VÁLASZTÁSASOMOGY, 01. számú OEVK - Kaposvár",Others
633,BALOGH ALEXANDRA,0,0.0,"ORSZÁGGYŰLÉSI KÉPVISELŐK VÁLASZTÁSASOMOGY, 01. számú OEVK - Kaposvár",Others
634,NORMÁLIS PÁRT,0,0.0,"ORSZÁGGYŰLÉSI KÉPVISELŐK VÁLASZTÁSASOMOGY, 01. számú OEVK - Kaposvár",Others
635,SZÁSZFALVI LÁSZLÓ,21571,57.86,"ORSZÁGGYŰLÉSI KÉPVISELŐK VÁLASZTÁSASOMOGY, 02. számú OEVK - Barcs",Fidesz/KDNP
636,ANDER BALÁZS,13855,37.16,"ORSZÁGGYŰLÉSI KÉPVISELŐK VÁLASZTÁSASOMOGY, 02. számú OEVK - Barcs",Dialogue-coalition
637,HALÁSZNÉ HUNYADI GYÖNGYI,1525,4.09,"ORSZÁGGYŰLÉSI KÉPVISELŐK VÁLASZTÁSASOMOGY, 02. számú OEVK - Barcs",Others
638,PALKÓ SÁNDOR,332,0.89,"ORSZÁGGYŰLÉSI KÉPVISELŐK VÁLASZTÁSASOMOGY, 02. számú OEVK - Barcs",MEMO
639,GULYÁS JÓZSEF,0,0.0,"ORSZÁGGYŰLÉSI KÉPVISELŐK VÁLASZTÁSASOMOGY, 02. számú OEVK - Barcs",Others
640,NORMÁLIS PÁRT,0,0.0,"ORSZÁGGYŰLÉSI KÉPVISELŐK VÁLASZTÁSASOMOGY, 02. számú OEVK - Barcs",Others
641,MÓRING JÓZSEF ATTILA,24171,57.92,"ORSZÁGGYŰLÉSI KÉPVISELŐK VÁLASZTÁSASOMOGY, 03. számú OEVK - Marcali",Fidesz/KDNP
642,DR. STEINMETZ ÁDÁM,14776,35.41,"ORSZÁGGYŰLÉSI KÉPVISELŐK VÁLASZTÁSASOMOGY, 03. számú OEVK - Marcali",Dialogue-coalition
643,JOZÓ TAMÁS,2408,5.77,"ORSZÁGGYŰLÉSI KÉPVISELŐK VÁLASZTÁSASOMOGY, 03. számú OEVK - Marcali",Others
644,KAZAI CSABA,374,0.9,"ORSZÁGGYŰLÉSI KÉPVISELŐK VÁLASZTÁSASOMOGY, 03. számú OEVK - Marcali",MEMO
645,LUKÁCS ILDIKÓ,0,0.0,"ORSZÁGGYŰLÉSI KÉPVISELŐK VÁLASZTÁSASOMOGY, 03. számú OEVK - Marcali",Normal party
646,WITZMANN MIHÁLY,26834,59.94,"ORSZÁGGYŰLÉSI KÉPVISELŐK VÁLASZTÁSASOMOGY, 04. számú OEVK - Siófok",Fidesz/KDNP
647,POTOCSKÁNÉ KŐRÖSI ANITA,16010,35.76,"ORSZÁGGYŰLÉSI KÉPVISELŐK VÁLASZTÁSASOMOGY, 04. számú OEVK - Siófok",Dialogue-coalition
648,BURDA PATRIK,835,1.87,"ORSZÁGGYŰLÉSI KÉPVISELŐK VÁLASZTÁSASOMOGY, 04. számú OEVK - Siófok",MEMO
649,SÜMEGI RITA,751,1.68,"ORSZÁGGYŰLÉSI KÉPVISELŐK VÁLASZTÁSASOMOGY, 04. számú OEVK - Siófok",Normal party
650,KNOCH LÁSZLÓ,341,0.76,"ORSZÁGGYŰLÉSI KÉPVISELŐK VÁLASZTÁSASOMOGY, 04. számú OEVK - Siófok",Others
651,RÓZSA ATTILA,0,0.0,"ORSZÁGGYŰLÉSI KÉPVISELŐK VÁLASZTÁSASOMOGY, 04. számú OEVK - Siófok",Others
652,DR. SZABÓ TÜNDE,23254,44.92,"ORSZÁGGYŰLÉSI KÉPVISELŐK VÁLASZTÁSASZABOLCS-SZATMÁR-BEREG, 01. számú OEVK - Nyíregyháza",Fidesz/KDNP
653,LENGYEL MÁTÉ,21806,42.12,"ORSZÁGGYŰLÉSI KÉPVISELŐK VÁLASZTÁSASZABOLCS-SZATMÁR-BEREG, 01. számú OEVK - Nyíregyháza",Dialogue-coalition
654,DR. HORVÁTH ATTILA,2718,5.25,"ORSZÁGGYŰLÉSI KÉPVISELŐK VÁLASZTÁSASZABOLCS-SZATMÁR-BEREG, 01. számú OEVK - Nyíregyháza",Others
655,NAGY LÁSZLÓ,1124,2.17,"ORSZÁGGYŰLÉSI KÉPVISELŐK VÁLASZTÁSASZABOLCS-SZATMÁR-BEREG, 01. számú OEVK - Nyíregyháza",Others
656,BALÁZS ZSOLT,1075,2.08,"ORSZÁGGYŰLÉSI KÉPVISELŐK VÁLASZTÁSASZABOLCS-SZATMÁR-BEREG, 01. számú OEVK - Nyíregyháza",MKKP
657,DR. HELMECZY LÁSZLÓ,1023,1.98,"ORSZÁGGYŰLÉSI KÉPVISELŐK VÁLASZTÁSASZABOLCS-SZATMÁR-BEREG, 01. számú OEVK - Nyíregyháza",MEMO
658,DR. GŐDÉNY GYÖRGY,772,1.49,"ORSZÁGGYŰLÉSI KÉPVISELŐK VÁLASZTÁSASZABOLCS-SZATMÁR-BEREG, 01. számú OEVK - Nyíregyháza",Normal party
659,DR. VINNAI GYŐZŐ,26277,58.13,"ORSZÁGGYŰLÉSI KÉPVISELŐK VÁLASZTÁSASZABOLCS-SZATMÁR-BEREG, 02. számú OEVK - Nyíregyháza",Fidesz/KDNP
660,ARANYOS GÁBOR,14759,32.65,"ORSZÁGGYŰLÉSI KÉPVISELŐK VÁLASZTÁSASZABOLCS-SZATMÁR-BEREG, 02. számú OEVK - Nyíregyháza",Dialogue-coalition
661,KOVÁCS KOPPÁNY ZOLTÁN,2823,6.25,"ORSZÁGGYŰLÉSI KÉPVISELŐK VÁLASZTÁSASZABOLCS-SZATMÁR-BEREG, 02. számú OEVK - Nyíregyháza",Others
662,KANALAS MELINDA,476,1.05,"ORSZÁGGYŰLÉSI KÉPVISELŐK VÁLASZTÁSASZABOLCS-SZATMÁR-BEREG, 02. számú OEVK - Nyíregyháza",Others
663,KARDOS FERENC,448,0.99,"ORSZÁGGYŰLÉSI KÉPVISELŐK VÁLASZTÁSASZABOLCS-SZATMÁR-BEREG, 02. számú OEVK - Nyíregyháza",MEMO
664,GURCSÁK LÁSZLÓ,417,0.92,"ORSZÁGGYŰLÉSI KÉPVISELŐK VÁLASZTÁSASZABOLCS-SZATMÁR-BEREG, 02. számú OEVK - Nyíregyháza",Normal party
665,KISS BARNABÁS,0,0.0,"ORSZÁGGYŰLÉSI KÉPVISELŐK VÁLASZTÁSASZABOLCS-SZATMÁR-BEREG, 02. számú OEVK - Nyíregyháza",Others
666,LAKATOS TIBOR,0,0.0,"ORSZÁGGYŰLÉSI KÉPVISELŐK VÁLASZTÁSASZABOLCS-SZATMÁR-BEREG, 02. számú OEVK - Nyíregyháza",Others
667,DR. SESZTÁK MIKLÓS,31946,65.31,"ORSZÁGGYŰLÉSI KÉPVISELŐK VÁLASZTÁSASZABOLCS-SZATMÁR-BEREG, 03. számú OEVK - Kisvárda",Fidesz/KDNP
668,TÓTH VIKTOR,12781,26.13,"ORSZÁGGYŰLÉSI KÉPVISELŐK VÁLASZTÁSASZABOLCS-SZATMÁR-BEREG, 03. számú OEVK - Kisvárda",Dialogue-coalition
669,PERDIÁK JÁNOS,2869,5.87,"ORSZÁGGYŰLÉSI KÉPVISELŐK VÁLASZTÁSASZABOLCS-SZATMÁR-BEREG, 03. számú OEVK - Kisvárda",Others
670,DZSUBÁK BALÁZS,770,1.57,"ORSZÁGGYŰLÉSI KÉPVISELŐK VÁLASZTÁSASZABOLCS-SZATMÁR-BEREG, 03. számú OEVK - Kisvárda",MEMO
671,GYÖRKÖSNÉ ORBÁN MÁRIA,351,0.72,"ORSZÁGGYŰLÉSI KÉPVISELŐK VÁLASZTÁSASZABOLCS-SZATMÁR-BEREG, 03. számú OEVK - Kisvárda",Normal party
672,TÓTH PÉTER PÁL,197,0.4,"ORSZÁGGYŰLÉSI KÉPVISELŐK VÁLASZTÁSASZABOLCS-SZATMÁR-BEREG, 03. számú OEVK - Kisvárda",Others
673,DR. TILKI ATTILA,31523,68.71,"ORSZÁGGYŰLÉSI KÉPVISELŐK VÁLASZTÁSASZABOLCS-SZATMÁR-BEREG, 04. számú OEVK - Vásárosnamény",Fidesz/KDNP
674,DR. SÁPI MÓNIKA,11404,24.86,"ORSZÁGGYŰLÉSI KÉPVISELŐK VÁLASZTÁSASZABOLCS-SZATMÁR-BEREG, 04. számú OEVK - Vásárosnamény",Dialogue-coalition
675,BERTICS MIHÁLY,2159,4.71,"ORSZÁGGYŰLÉSI KÉPVISELŐK VÁLASZTÁSASZABOLCS-SZATMÁR-BEREG, 04. számú OEVK - Vásárosnamény",Others
676,SZABÓ MÁRIA,319,0.7,"ORSZÁGGYŰLÉSI KÉPVISELŐK VÁLASZTÁSASZABOLCS-SZATMÁR-BEREG, 04. számú OEVK - Vásárosnamény",Normal party
677,KANTULY ZSOLT,302,0.66,"ORSZÁGGYŰLÉSI KÉPVISELŐK VÁLASZTÁSASZABOLCS-SZATMÁR-BEREG, 04. számú OEVK - Vásárosnamény",MEMO
678,KIRÁLY SZILÁRD,172,0.37,"ORSZÁGGYŰLÉSI KÉPVISELŐK VÁLASZTÁSASZABOLCS-SZATMÁR-BEREG, 04. számú OEVK - Vásárosnamény",Others
679,MUNKÁSPÁRT,0,0.0,"ORSZÁGGYŰLÉSI KÉPVISELŐK VÁLASZTÁSASZABOLCS-SZATMÁR-BEREG, 04. számú OEVK - Vásárosnamény",Others
680,KOVÁCS SÁNDOR,29647,64.79,"ORSZÁGGYŰLÉSI KÉPVISELŐK VÁLASZTÁSASZABOLCS-SZATMÁR-BEREG, 05. számú OEVK - Mátészalka",Fidesz/KDNP
681,FÖLDI ISTVÁN,11250,24.58,"ORSZÁGGYŰLÉSI KÉPVISELŐK VÁLASZTÁSASZABOLCS-SZATMÁR-BEREG, 05. számú OEVK - Mátészalka",Dialogue-coalition
682,DR. APÁTI ISTVÁN,4185,9.15,"ORSZÁGGYŰLÉSI KÉPVISELŐK VÁLASZTÁSASZABOLCS-SZATMÁR-BEREG, 05. számú OEVK - Mátészalka",Others
683,ROLAND ALEX,347,0.76,"ORSZÁGGYŰLÉSI KÉPVISELŐK VÁLASZTÁSASZABOLCS-SZATMÁR-BEREG, 05. számú OEVK - Mátészalka",MEMO
684,NAGY CSABA ATTILA,332,0.73,"ORSZÁGGYŰLÉSI KÉPVISELŐK VÁLASZTÁSASZABOLCS-SZATMÁR-BEREG, 05. számú OEVK - Mátészalka",Normal party
685,DR. SIMON MIKLÓS,29875,65.69,"ORSZÁGGYŰLÉSI KÉPVISELŐK VÁLASZTÁSASZABOLCS-SZATMÁR-BEREG, 06. számú OEVK - Nyírbátor",Fidesz/KDNP
686,TÓTH VIKTOR,12027,26.45,"ORSZÁGGYŰLÉSI KÉPVISELŐK VÁLASZTÁSASZABOLCS-SZATMÁR-BEREG, 06. számú OEVK - Nyírbátor",Dialogue-coalition
687,SZATHMÁRI LAJOS,2252,4.95,"ORSZÁGGYŰLÉSI KÉPVISELŐK VÁLASZTÁSASZABOLCS-SZATMÁR-BEREG, 06. számú OEVK - Nyírbátor",Others
688,POLYÁK CSABA,558,1.23,"ORSZÁGGYŰLÉSI KÉPVISELŐK VÁLASZTÁSASZABOLCS-SZATMÁR-BEREG, 06. számú OEVK - Nyírbátor",MKKP
689,CZAKÓ ZOLTÁN,386,0.85,"ORSZÁGGYŰLÉSI KÉPVISELŐK VÁLASZTÁSASZABOLCS-SZATMÁR-BEREG, 06. számú OEVK - Nyírbátor",MEMO
690,KOROKNAI ZSOLT,381,0.84,"ORSZÁGGYŰLÉSI KÉPVISELŐK VÁLASZTÁSASZABOLCS-SZATMÁR-BEREG, 06. számú OEVK - Nyírbátor",Normal party
691,HORVÁTH ISTVÁN,22642,55.51,"ORSZÁGGYŰLÉSI KÉPVISELŐK VÁLASZTÁSATOLNA, 01. számú OEVK - Szekszárd",Fidesz/KDNP
692,DR. HARANGOZÓ TAMÁS,14279,35.0,"ORSZÁGGYŰLÉSI KÉPVISELŐK VÁLASZTÁSATOLNA, 01. számú OEVK - Szekszárd",Dialogue-coalition
693,PAPP TAMÁS,2361,5.79,"ORSZÁGGYŰLÉSI KÉPVISELŐK VÁLASZTÁSATOLNA, 01. számú OEVK - Szekszárd",Others
694,FARKAS LÁSZLÓ,1042,2.55,"ORSZÁGGYŰLÉSI KÉPVISELŐK VÁLASZTÁSATOLNA, 01. számú OEVK - Szekszárd",MKKP
695,HAJDU FERENC,383,0.94,"ORSZÁGGYŰLÉSI KÉPVISELŐK VÁLASZTÁSATOLNA, 01. számú OEVK - Szekszárd",MEMO
696,KERCSÓ MÁRTON,85,0.21,"ORSZÁGGYŰLÉSI KÉPVISELŐK VÁLASZTÁSATOLNA, 01. számú OEVK - Szekszárd",Others
697,SZENTPÉTERI ZSOLT,0,0.0,"ORSZÁGGYŰLÉSI KÉPVISELŐK VÁLASZTÁSATOLNA, 01. számú OEVK - Szekszárd",Normal party
698,ÜRMÖS M. ATTILA,0,0.0,"ORSZÁGGYŰLÉSI KÉPVISELŐK VÁLASZTÁSATOLNA, 01. számú OEVK - Szekszárd",Others
699,BURAI KÁROLY,0,0.0,"ORSZÁGGYŰLÉSI KÉPVISELŐK VÁLASZTÁSATOLNA, 01. számú OEVK - Szekszárd",Others
700,POTÁPI ÁRPÁD JÁNOS,24362,62.44,"ORSZÁGGYŰLÉSI KÉPVISELŐK VÁLASZTÁSATOLNA, 02. számú OEVK - Dombóvár",Fidesz/KDNP
701,SZABÓ LORÁND,10536,27.0,"ORSZÁGGYŰLÉSI KÉPVISELŐK VÁLASZTÁSATOLNA, 02. számú OEVK - Dombóvár",Dialogue-coalition
702,TOBAK GÁBOR,2942,7.54,"ORSZÁGGYŰLÉSI KÉPVISELŐK VÁLASZTÁSATOLNA, 02. számú OEVK - Dombóvár",Others
703,BEA GÁBOR,601,1.54,"ORSZÁGGYŰLÉSI KÉPVISELŐK VÁLASZTÁSATOLNA, 02. számú OEVK - Dombóvár",Normal party
704,KŐMÜVES ATTILA,576,1.48,"ORSZÁGGYŰLÉSI KÉPVISELŐK VÁLASZTÁSATOLNA, 02. számú OEVK - Dombóvár",MEMO
705,SÜLI JÁNOS,25102,62.98,"ORSZÁGGYŰLÉSI KÉPVISELŐK VÁLASZTÁSATOLNA, 03. számú OEVK - Paks",Fidesz/KDNP
706,BENCZE JÁNOS,11107,27.87,"ORSZÁGGYŰLÉSI KÉPVISELŐK VÁLASZTÁSATOLNA, 03. számú OEVK - Paks",Dialogue-coalition
707,ÁRVAI TIBOR,2696,6.76,"ORSZÁGGYŰLÉSI KÉPVISELŐK VÁLASZTÁSATOLNA, 03. számú OEVK - Paks",Others
708,HALÁSZ GERGELY,518,1.3,"ORSZÁGGYŰLÉSI KÉPVISELŐK VÁLASZTÁSATOLNA, 03. számú OEVK - Paks",Normal party
709,LACZKÓ PÉTER,433,1.09,"ORSZÁGGYŰLÉSI KÉPVISELŐK VÁLASZTÁSATOLNA, 03. számú OEVK - Paks",MEMO
710,DR. HENDE CSABA,25792,49.95,"ORSZÁGGYŰLÉSI KÉPVISELŐK VÁLASZTÁSAVAS, 01. számú OEVK - Szombathely",Fidesz/KDNP
711,DR. CZEGLÉDY CSABA,20771,40.23,"ORSZÁGGYŰLÉSI KÉPVISELŐK VÁLASZTÁSAVAS, 01. számú OEVK - Szombathely",Dialogue-coalition
712,DR. VADON ISTVÁN,2421,4.69,"ORSZÁGGYŰLÉSI KÉPVISELŐK VÁLASZTÁSAVAS, 01. számú OEVK - Szombathely",Others
713,NAGY DÁVID,1585,3.07,"ORSZÁGGYŰLÉSI KÉPVISELŐK VÁLASZTÁSAVAS, 01. számú OEVK - Szombathely",MKKP
714,TÖMBÖLY TAMÁS,530,1.03,"ORSZÁGGYŰLÉSI KÉPVISELŐK VÁLASZTÁSAVAS, 01. számú OEVK - Szombathely",MEMO
715,HORVÁTH ÉVA,467,0.9,"ORSZÁGGYŰLÉSI KÉPVISELŐK VÁLASZTÁSAVAS, 01. számú OEVK - Szombathely",Normal party
716,HEGEDÜS MÁTÉ,71,0.14,"ORSZÁGGYŰLÉSI KÉPVISELŐK VÁLASZTÁSAVAS, 01. számú OEVK - Szombathely",Others
717,ABÉRT ZOLTÁN,0,0.0,"ORSZÁGGYŰLÉSI KÉPVISELŐK VÁLASZTÁSAVAS, 01. számú OEVK - Szombathely",Others
718,ÁGH PÉTER,32226,64.38,"ORSZÁGGYŰLÉSI KÉPVISELŐK VÁLASZTÁSAVAS, 02. számú OEVK - Sárvár",Fidesz/KDNP
719,HENCZ KORNÉL,13026,26.02,"ORSZÁGGYŰLÉSI KÉPVISELŐK VÁLASZTÁSAVAS, 02. számú OEVK - Sárvár",Dialogue-coalition
720,GICZY JÓZSEF,2933,5.86,"ORSZÁGGYŰLÉSI KÉPVISELŐK VÁLASZTÁSAVAS, 02. számú OEVK - Sárvár",Others
721,ZAKOTA TAMÁS,1137,2.27,"ORSZÁGGYŰLÉSI KÉPVISELŐK VÁLASZTÁSAVAS, 02. számú OEVK - Sárvár",MKKP
722,HORVÁTH SÁNDOR,441,0.88,"ORSZÁGGYŰLÉSI KÉPVISELŐK VÁLASZTÁSAVAS, 02. számú OEVK - Sárvár",MEMO
723,RUTKAI ZOLTÁN,294,0.59,"ORSZÁGGYŰLÉSI KÉPVISELŐK VÁLASZTÁSAVAS, 02. számú OEVK - Sárvár",Normal party
724,V.NÉMETH ZSOLT,31938,66.4,"ORSZÁGGYŰLÉSI KÉPVISELŐK VÁLASZTÁSAVAS, 03. számú OEVK - Körmend",Fidesz/KDNP
725,BANA TIBOR,12874,26.76,"ORSZÁGGYŰLÉSI KÉPVISELŐK VÁLASZTÁSAVAS, 03. számú OEVK - Körmend",Dialogue-coalition
726,NÉMETI CSABA,2676,5.56,"ORSZÁGGYŰLÉSI KÉPVISELŐK VÁLASZTÁSAVAS, 03. számú OEVK - Körmend",Others
727,DÁVID DÁVID,613,1.27,"ORSZÁGGYŰLÉSI KÉPVISELŐK VÁLASZTÁSAVAS, 03. számú OEVK - Körmend",MEMO
728,HORVÁTH REZSŐ GYULA,0,0.0,"ORSZÁGGYŰLÉSI KÉPVISELŐK VÁLASZTÁSAVAS, 03. számú OEVK - Körmend",Others
729,NORMÁLIS PÁRT,0,0.0,"ORSZÁGGYŰLÉSI KÉPVISELŐK VÁLASZTÁSAVAS, 03. számú OEVK - Körmend",Others
730,OVÁDI PÉTER,26119,50.48,"ORSZÁGGYŰLÉSI KÉPVISELŐK VÁLASZTÁSAVESZPRÉM, 01. számú OEVK - Veszprém",Fidesz/KDNP
731,CSONKA BALÁZS,20301,39.24,"ORSZÁGGYŰLÉSI KÉPVISELŐK VÁLASZTÁSAVESZPRÉM, 01. számú OEVK - Veszprém",Dialogue-coalition
732,KOVACSICS ZSOLT,3231,6.24,"ORSZÁGGYŰLÉSI KÉPVISELŐK VÁLASZTÁSAVESZPRÉM, 01. számú OEVK - Veszprém",Others
733,VÉRTESI BENJÁMIN,1484,2.87,"ORSZÁGGYŰLÉSI KÉPVISELŐK VÁLASZTÁSAVESZPRÉM, 01. számú OEVK - Veszprém",MKKP
734,SIMOR ISTVÁN,604,1.17,"ORSZÁGGYŰLÉSI KÉPVISELŐK VÁLASZTÁSAVESZPRÉM, 01. számú OEVK - Veszprém",MEMO
735,LŐRINC JÓZSEF,0,0.0,"ORSZÁGGYŰLÉSI KÉPVISELŐK VÁLASZTÁSAVESZPRÉM, 01. számú OEVK - Veszprém",Normal party
736,KONTRÁT KÁROLY,26762,50.99,"ORSZÁGGYŰLÉSI KÉPVISELŐK VÁLASZTÁSAVESZPRÉM, 02. számú OEVK - Balatonfüred",Fidesz/KDNP
737,BENEDEK SZILVESZTER,19172,36.53,"ORSZÁGGYŰLÉSI KÉPVISELŐK VÁLASZTÁSAVESZPRÉM, 02. számú OEVK - Balatonfüred",Dialogue-coalition
738,KOVÁCS ATTILA,3582,6.82,"ORSZÁGGYŰLÉSI KÉPVISELŐK VÁLASZTÁSAVESZPRÉM, 02. számú OEVK - Balatonfüred",Others
739,KÁRPÁTI ZOLTÁN,1765,3.36,"ORSZÁGGYŰLÉSI KÉPVISELŐK VÁLASZTÁSAVESZPRÉM, 02. számú OEVK - Balatonfüred",MKKP
740,BERTA ÁKOS,834,1.59,"ORSZÁGGYŰLÉSI KÉPVISELŐK VÁLASZTÁSAVESZPRÉM, 02. számú OEVK - Balatonfüred",MEMO
741,DALMADI RÓBERT,372,0.71,"ORSZÁGGYŰLÉSI KÉPVISELŐK VÁLASZTÁSAVESZPRÉM, 02. számú OEVK - Balatonfüred",Normal party
742,DR. NAVRACSICS TIBOR,23685,50.7,"ORSZÁGGYŰLÉSI KÉPVISELŐK VÁLASZTÁSAVESZPRÉM, 03. számú OEVK - Tapolca",Fidesz/KDNP
743,RIG LAJOS,20797,44.51,"ORSZÁGGYŰLÉSI KÉPVISELŐK VÁLASZTÁSAVESZPRÉM, 03. számú OEVK - Tapolca",Dialogue-coalition
744,SÁNDOR BALÁZS,1115,2.39,"ORSZÁGGYŰLÉSI KÉPVISELŐK VÁLASZTÁSAVESZPRÉM, 03. számú OEVK - Tapolca",MKKP
745,TAKÁCS LAJOS,727,1.56,"ORSZÁGGYŰLÉSI KÉPVISELŐK VÁLASZTÁSAVESZPRÉM, 03. számú OEVK - Tapolca",Others
746,FÓRIZS LAJOS,396,0.85,"ORSZÁGGYŰLÉSI KÉPVISELŐK VÁLASZTÁSAVESZPRÉM, 03. számú OEVK - Tapolca",MEMO
747,PÓCSI JÓZSEF,0,0.0,"ORSZÁGGYŰLÉSI KÉPVISELŐK VÁLASZTÁSAVESZPRÉM, 03. számú OEVK - Tapolca",Normal party
748,SZÁMADÓ ISTVÁN,0,0.0,"ORSZÁGGYŰLÉSI KÉPVISELŐK VÁLASZTÁSAVESZPRÉM, 03. számú OEVK - Tapolca",Others
749,DR. KOVÁCS ZOLTÁN,29806,62.7,"ORSZÁGGYŰLÉSI KÉPVISELŐK VÁLASZTÁSAVESZPRÉM, 04. számú OEVK - Pápa",Fidesz/KDNP
750,GRŐBER ATTILA,13826,29.09,"ORSZÁGGYŰLÉSI KÉPVISELŐK VÁLASZTÁSAVESZPRÉM, 04. számú OEVK - Pápa",Dialogue-coalition
751,TAKÁCS MÁTÉ,2702,5.68,"ORSZÁGGYŰLÉSI KÉPVISELŐK VÁLASZTÁSAVESZPRÉM, 04. számú OEVK - Pápa",Others
752,DOMJÁN ÁKOS,849,1.79,"ORSZÁGGYŰLÉSI KÉPVISELŐK VÁLASZTÁSAVESZPRÉM, 04. számú OEVK - Pápa",MKKP
753,DR. HORVÁTH GYULA,352,0.74,"ORSZÁGGYŰLÉSI KÉPVISELŐK VÁLASZTÁSAVESZPRÉM, 04. számú OEVK - Pápa",MEMO
754,VIGH LÁSZLÓ,31178,56.8,"ORSZÁGGYŰLÉSI KÉPVISELŐK VÁLASZTÁSAZALA, 01. számú OEVK - Zalaegerszeg",Fidesz/KDNP
755,DR. CSIDEI IRÉN,16987,30.95,"ORSZÁGGYŰLÉSI KÉPVISELŐK VÁLASZTÁSAZALA, 01. számú OEVK - Zalaegerszeg",Dialogue-coalition
756,KISS FERENC,3409,6.21,"ORSZÁGGYŰLÉSI KÉPVISELŐK VÁLASZTÁSAZALA, 01. számú OEVK - Zalaegerszeg",Others
757,CSISZÁR VIKTOR,1414,2.58,"ORSZÁGGYŰLÉSI KÉPVISELŐK VÁLASZTÁSAZALA, 01. számú OEVK - Zalaegerszeg",MKKP
758,KOLTAI TIBOR,694,1.26,"ORSZÁGGYŰLÉSI KÉPVISELŐK VÁLASZTÁSAZALA, 01. számú OEVK - Zalaegerszeg",Others
759,SZÉP SZABOLCS,672,1.22,"ORSZÁGGYŰLÉSI KÉPVISELŐK VÁLASZTÁSAZALA, 01. számú OEVK - Zalaegerszeg",MEMO
760,MARTON ÁDÁM,455,0.83,"ORSZÁGGYŰLÉSI KÉPVISELŐK VÁLASZTÁSAZALA, 01. számú OEVK - Zalaegerszeg",Normal party
761,VIRÁG DEBÓRA,85,0.15,"ORSZÁGGYŰLÉSI KÉPVISELŐK VÁLASZTÁSAZALA, 01. számú OEVK - Zalaegerszeg",Others
762,KIRÁLY PÉTER,0,0.0,"ORSZÁGGYŰLÉSI KÉPVISELŐK VÁLASZTÁSAZALA, 01. számú OEVK - Zalaegerszeg",Others
763,NAGY BÁLINT,30734,59.84,"ORSZÁGGYŰLÉSI KÉPVISELŐK VÁLASZTÁSAZALA, 02. számú OEVK - Keszthely",Fidesz/KDNP
764,ELEKES ISTVÁN,15467,30.11,"ORSZÁGGYŰLÉSI KÉPVISELŐK VÁLASZTÁSAZALA, 02. számú OEVK - Keszthely",Dialogue-coalition
765,BEREI GÁBOR,3185,6.2,"ORSZÁGGYŰLÉSI KÉPVISELŐK VÁLASZTÁSAZALA, 02. számú OEVK - Keszthely",Others
766,NÉMETH EMESE,1363,2.65,"ORSZÁGGYŰLÉSI KÉPVISELŐK VÁLASZTÁSAZALA, 02. számú OEVK - Keszthely",MKKP
767,CSENDES JÓZSEF,611,1.19,"ORSZÁGGYŰLÉSI KÉPVISELŐK VÁLASZTÁSAZALA, 02. számú OEVK - Keszthely",Normal party
768,DOMOKOS RITA,0,0.0,"ORSZÁGGYŰLÉSI KÉPVISELŐK VÁLASZTÁSAZALA, 02. számú OEVK - Keszthely",MEMO
769,CSERESNYÉS PÉTER,26126,52.98,"ORSZÁGGYŰLÉSI KÉPVISELŐK VÁLASZTÁSAZALA, 03. számú OEVK - Nagykanizsa",Fidesz/KDNP
770,HORVÁTH JÁCINT,18466,37.45,"ORSZÁGGYŰLÉSI KÉPVISELŐK VÁLASZTÁSAZALA, 03. számú OEVK - Nagykanizsa",Dialogue-coalition
771,HOKKER TIBOR,2711,5.5,"ORSZÁGGYŰLÉSI KÉPVISELŐK VÁLASZTÁSAZALA, 03. számú OEVK - Nagykanizsa",Others
772,NAGY DÁVID,975,1.98,"ORSZÁGGYŰLÉSI KÉPVISELŐK VÁLASZTÁSAZALA, 03. számú OEVK - Nagykanizsa",MKKP
773,BORDA BALÁZS,504,1.02,"ORSZÁGGYŰLÉSI KÉPVISELŐK VÁLASZTÁSAZALA, 03. számú OEVK - Nagykanizsa",Normal party
774,BARNA TAMÁS,410,0.83,"ORSZÁGGYŰLÉSI KÉPVISELŐK VÁLASZTÁSAZALA, 03. számú OEVK - Nagykanizsa",MEMO
775,SZÉKELY SÁNDOR,122,0.25,"ORSZÁGGYŰLÉSI KÉPVISELŐK VÁLASZTÁSAZALA, 03. számú OEVK - Nagykanizsa",Others
776,KOPASZ RÓBERT,0,0.0,"ORSZÁGGYŰLÉSI KÉPVISELŐK VÁLASZTÁSAZALA, 03. számú OEVK - Nagykanizsa",Others
